,acc,val_acc,loss,val_loss
count,203.0,203.0,203.0,203.0
mean,0.290731822519,0.351982266086,2.840484159,2.62977901351
std,0.054457895148,0.0543537212127,0.305211720925,0.295571309889
min,0.0188800000213,0.034800000675,2.56666572571,2.39164018631
25%,0.273069999218,0.339449998736,2.63899324894,2.44727226496
50%,0.308440000415,0.372299996018,2.73766374588,2.52580089569
75%,0.328829999268,0.385749998689,2.9264787364,2.69619829655
max,0.343600001335,0.395300003886,4.55139452934,4.4199590683
