,acc,val_acc,loss,val_loss
count,48.0,48.0,48.0,48.0
mean,0.716708750775,0.705693750175,0.807384239517,0.864018005447
std,0.103752347412,0.0595899047259,0.27510959671,0.151195669742
min,0.280400002146,0.450600001752,0.559653807431,0.755039310753
25%,0.691209999284,0.698349999189,0.620870352184,0.785700524449
50%,0.753190000415,0.729899999917,0.712313989767,0.798977397397
75%,0.783640001562,0.738675000235,0.892850633353,0.874988495454
max,0.804460001719,0.747599999428,1.90614509892,1.52457970762
