,acc,val_acc,loss,val_loss
count,192.0,192.0,192.0,192.0
mean,0.722395520584,0.726467187087,0.79281123351,0.786101456714
std,0.0535594675926,0.0358371567645,0.149290667992,0.101959135486
min,0.36560000017,0.50760000056,0.658804231036,0.713848498642
25%,0.708854997766,0.72299999854,0.695243909019,0.728118067011
50%,0.738249999785,0.738399999857,0.747002042824,0.750152821809
75%,0.756150001669,0.746899998993,0.837445551553,0.796833341718
max,0.769920000887,0.752099998951,1.73294285126,1.40288617086
