,acc,val_acc,loss,val_loss
count,161.0,161.0,161.0,161.0
mean,0.7050996276,0.706474534036,0.839758462997,0.837902464839
std,0.0618876039581,0.0418831561204,0.164421175386,0.111364173358
min,0.321380001517,0.46370000124,0.696997713852,0.758089375854
25%,0.692039999521,0.701,0.734040168399,0.774569792926
50%,0.726220000088,0.721799999356,0.785460846615,0.796447535872
75%,0.743859999943,0.73060000056,0.88101937263,0.849618201315
max,0.757600001001,0.737099999726,1.8159242373,1.48330777419
