,acc,val_acc,loss,val_loss
count,98.0,98.0,98.0,98.0
mean,0.772336938514,0.69983061193,0.661116463824,0.930064915462
std,0.111986825421,0.063048386445,0.294485312971,0.130635503609
min,0.217519999945,0.322399999678,0.37225719825,0.838326890111
25%,0.735889999032,0.698425002038,0.454924918634,0.861456751436
50%,0.806749999714,0.724299999118,0.574105758727,0.894774579883
75%,0.848999998403,0.732449999452,0.766876810896,0.950441035926
max,0.876100000286,0.739499998093,2.05720430489,1.76179189873
