,acc,val_acc,loss,val_loss
count,46.0,46.0,46.0,46.0
mean,0.0179952174309,0.0258978260159,4.57772619869,4.56757772736
std,0.00435849145606,0.00602961160728,0.026892008322,0.035806234754
min,0.010740000017,0.0131999999657,4.51424933243,4.4815845871
25%,0.0140850000996,0.02110000032,4.56092786598,4.54613462925
50%,0.0176300000809,0.0288999997824,4.58704787445,4.58149780273
75%,0.0216549999602,0.030625,4.59869886112,4.59620648861
max,0.0253400000334,0.0316999998689,4.61396308517,4.60586009979
