,acc,val_acc,loss,val_loss
count,215.0,215.0,215.0,215.0
mean,0.722261488332,0.717534883634,0.793817206455,0.810297825527
std,0.0665450940381,0.0470091159244,0.180267726402,0.125335494208
min,0.273779999948,0.402600000143,0.635273023224,0.724513034821
25%,0.705980000448,0.709749999523,0.677235408592,0.740111217737
50%,0.743759999847,0.734500001907,0.737113835526,0.76548752594
75%,0.76426000061,0.744400002003,0.842457156181,0.825506068707
max,0.780160000324,0.752400001526,1.95368526554,1.64832085991
