,acc,val_acc,loss,val_loss
count,218.0,218.0,218.0,218.0
mean,0.720975963494,0.731537156913,0.79777556059,0.780742166357
std,0.0571161212496,0.0384171460395,0.158523380246,0.107796671028
min,0.361879999466,0.498999997079,0.651357153118,0.701596693695
25%,0.705860002339,0.726400002837,0.690359051436,0.716257674471
50%,0.738659999967,0.744500001371,0.748365278572,0.742656697929
75%,0.758269998968,0.754300001413,0.844867679298,0.796254392564
max,0.77243999958,0.762100000978,1.74926732755,1.409607023
