,acc,val_acc,loss,val_loss
count,152.0,152.0,152.0,152.0
mean,0.718586447436,0.723673026479,0.802482109229,0.799524384957
std,0.0636819324534,0.0410610156804,0.176047004735,0.113340758724
min,0.339120000386,0.502100003958,0.636672986031,0.712741418839
25%,0.699380002022,0.713975000978,0.682885168672,0.729562727451
50%,0.739259999561,0.739000000238,0.747390799618,0.755097286224
75%,0.761314998055,0.749524998307,0.863932831526,0.82878967154
max,0.776219999218,0.757199999809,1.80343001404,1.40784770012
