,index,acc,loss,val_acc,val_loss
count,105.0,105.0,105.0,105.0,105.0
mean,52.0,0.793877714286,0.603814322603,0.687960952381,1.01468630271
std,30.4548846657,0.105647741186,0.284706800747,0.0505228327957,0.116870370714
min,0.0,0.27016,0.312952988744,0.3665,0.884327743888
25%,26.0,0.75164,0.397105424881,0.6943,0.934391126752
50%,52.0,0.82666,0.517674285293,0.7065,0.983295963228
75%,78.0,0.86842,0.719917018962,0.7111,1.08025078154
max,104.0,0.89828,1.92382614975,0.7156,1.71490679359
