,acc,val_acc,loss,val_loss
count,199.0,199.0,199.0,199.0
mean,0.334332562591,0.364403517194,2.58725258907,2.51736813097
std,0.10844960309,0.0961830012665,0.604965963139,0.523576077085
min,0.0132799997665,0.0156999997236,1.99389171553,2.17162287235
25%,0.286199998915,0.351150000095,2.14126902342,2.20120335817
50%,0.370500000119,0.408099998236,2.37317079353,2.27566407681
75%,0.416939999402,0.425849998295,2.81752665567,2.57035189867
max,0.449960000396,0.43849999845,4.60049239731,4.58711197853
