,acc,val_acc,loss,val_loss
count,242.0,242.0,242.0,242.0
mean,0.732525619782,0.733466942115,0.761665564586,0.770694081701
std,0.0556314139054,0.0339996373425,0.156400590217,0.0958322645665
min,0.367259999642,0.51639999938,0.602410679388,0.698242877245
25%,0.711955000353,0.725475000024,0.650787658429,0.711656659007
50%,0.749579999208,0.744350000858,0.71578014369,0.735449168205
75%,0.770559999752,0.754699999928,0.824093908119,0.794300197721
max,0.78516000061,0.760900001526,1.74176369362,1.37024621773
