,acc,val_acc,loss,val_loss
count,97.0,97.0,97.0,97.0
mean,0.734697938415,0.730929896934,0.744264563097,0.789104848006
std,0.0738798330571,0.042811150677,0.209121938785,0.113864365057
min,0.362219999576,0.502900000691,0.561551551747,0.715970799088
25%,0.715379998493,0.730499998093,0.603655724335,0.73340121305
50%,0.760420002508,0.747400000334,0.671109604192,0.746318778276
75%,0.782440001297,0.752400000334,0.8047191679,0.786874489307
max,0.797860001087,0.761100001097,1.73320899944,1.40225282955
