,acc,val_acc,loss,val_loss
count,51.0,51.0,51.0,51.0
mean,0.698676863447,0.645058821617,0.868966380335,1.02988169954
std,0.127773593739,0.0942086718364,0.319683388543,0.231751752606
min,0.183100003706,0.299900003076,0.568552959085,0.846815825701
25%,0.662779997301,0.630700001121,0.648144873536,0.891953293562
50%,0.742460000896,0.685099998116,0.764656822944,0.932931062579
75%,0.783960002708,0.704850000501,0.972241430688,1.0456250307
max,0.812100003934,0.715999996066,2.11618353844,1.83157062984
