,index,acc,loss,val_acc,val_loss
count,150.0,150.0,150.0,150.0,150.0
mean,74.5,0.768175466667,0.649254849816,0.733549333333,0.818605021255
std,43.4453679925,0.0545835923006,0.154450691812,0.0274153700747,0.0641719737503
min,0.0,0.4063,0.534104950833,0.5287,0.768808508158
25%,37.25,0.75947,0.560678209415,0.736325,0.791129829779
50%,74.5,0.7871,0.59177527613,0.74,0.806308361053
75%,111.75,0.79876,0.671858125323,0.744475,0.825192164421
max,149.0,0.81002,1.63495348511,0.7518,1.32464792752
