,acc,val_acc,loss,val_loss
count,103.0,103.0,103.0,103.0
mean,0.762522912483,0.738066990281,0.663741374399,0.779128060741
std,0.0767357021222,0.0390963274542,0.217633709761,0.0978961147221
min,0.357839999199,0.508600001097,0.479017233109,0.726944680452
25%,0.743309999323,0.738249999762,0.517782592428,0.738559224486
50%,0.786939999008,0.750000001907,0.587900879812,0.748606554985
75%,0.812139999247,0.757550002337,0.724299314356,0.763059903026
max,0.826339999962,0.766999997139,1.74411410313,1.3775602684
