,acc,val_acc,loss,val_loss
count,63.0,63.0,63.0,63.0
mean,0.686053332718,0.633506350023,0.881543582177,1.11529723974
std,0.207441830414,0.144821589635,0.531003192745,0.331289550103
min,0.114079999786,0.162300000489,0.299247114241,0.85627135694
25%,0.58551999855,0.613400000185,0.460295454606,0.910209406465
50%,0.758399999619,0.70590000391,0.717323104382,0.995233145952
75%,0.845939998746,0.721750000119,1.16689532256,1.13249321699
max,0.899420001268,0.733400002718,2.30070707893,2.29635954857
