,acc,val_acc,loss,val_loss
count,199.0,199.0,199.0,199.0
mean,0.725486734196,0.71965979912,0.783263221809,0.802973955516
std,0.0585766546739,0.0383845373696,0.158911901946,0.100220402744
min,0.357220001638,0.481700001881,0.634254484504,0.735318388879
25%,0.709360000104,0.714199998736,0.67591004853,0.747499532014
50%,0.74474000051,0.734400000095,0.733694848984,0.76603258571
75%,0.763580000782,0.741750000894,0.834107995242,0.812108335853
max,0.779480001187,0.7465,1.72783319888,1.42254083478
