,acc,val_acc,loss,val_loss
count,57.0,57.0,57.0,57.0
mean,0.743656141584,0.710150876102,0.718207694965,0.863253418362
std,0.0769852256099,0.0578822510991,0.220282672544,0.172963416299
min,0.386040000236,0.4881999982,0.525819329548,0.740918196201
25%,0.726199997067,0.709599998951,0.578591541636,0.765057702422
50%,0.769220000982,0.733199996114,0.643699228144,0.801865121126
75%,0.791040001273,0.7465,0.777003409433,0.859002430797
max,0.809220003891,0.753300003648,1.69464313369,1.52272001386
