,acc,val_acc,loss,val_loss
count,73.0,73.0,73.0,73.0
mean,0.726516438348,0.729530136959,0.768017423439,0.799190496888
std,0.0655928900005,0.0368173937114,0.185966281516,0.0970643492918
min,0.398899998562,0.544099997759,0.604831824243,0.728801654696
25%,0.711919999456,0.729500000954,0.648143800235,0.752502290249
50%,0.749179999971,0.742099999905,0.707147027969,0.763456365705
75%,0.767740000486,0.748700001359,0.821160939884,0.795763185978
max,0.781959999323,0.755900000811,1.64238123665,1.28888876319
