,acc,val_acc,loss,val_loss
count,146.0,146.0,146.0,146.0
mean,0.768706850952,0.733913013523,0.656641757353,0.788904463731
std,0.0880341107712,0.0540419463214,0.248584854745,0.143336266833
min,0.275380002819,0.379499999881,0.441238791609,0.695400000572
25%,0.741554998589,0.73189999941,0.48549350754,0.722997347295
50%,0.800470002854,0.753049999058,0.567843367565,0.738824366748
75%,0.827375003618,0.762000003576,0.737892782992,0.781331434786
max,0.844460000539,0.768300000787,1.98083048754,1.7678665061
