,acc,val_acc,loss,val_loss
count,126.0,126.0,126.0,126.0
mean,0.69255618901,0.684642855411,0.875937876345,0.897173355525
std,0.0716667947542,0.0622568918019,0.188658491953,0.164637267939
min,0.27288000309,0.346500002384,0.708360224402,0.755172091603
25%,0.675769996947,0.673124998242,0.752722631717,0.794413442284
50%,0.715909997821,0.706549996972,0.81424481132,0.838578148782
75%,0.737304997069,0.722824997455,0.926709393668,0.931059532672
max,0.754520000148,0.737900002718,1.9475040483,1.78943219686
