,acc,val_acc,loss,val_loss
count,279.0,279.0,279.0,279.0
mean,0.32644100355,0.386679928077,2.64795339356,2.45730956002
std,0.0518409482862,0.0452602396198,0.27769301246,0.239789978857
min,0.0377999999337,0.101100000441,2.39699164867,2.26474791288
25%,0.310429999918,0.377800000012,2.46292838335,2.30875151873
50%,0.343939999819,0.402599998116,2.55870125866,2.37274050713
75%,0.362480000317,0.414649997354,2.72927455902,2.50803194284
max,0.376439998984,0.424199998379,4.38039730072,4.00492261887
