,acc,val_acc,loss,val_loss
count,226.0,226.0,226.0,226.0
mean,0.709557875946,0.727705752807,0.827820478568,0.791672172108
std,0.0513601729163,0.0369776718109,0.143413245867,0.101630924305
min,0.345179999632,0.480499999762,0.700660422754,0.715426009655
25%,0.697644999266,0.721299997568,0.736071955907,0.733233384728
50%,0.726620000219,0.740100002289,0.782868750167,0.755269377351
75%,0.740464999843,0.750300002515,0.868506316495,0.807505661428
max,0.754499999332,0.756500000715,1.79387681456,1.45313644314
