,acc,val_acc,loss,val_loss
count,89.0,89.0,89.0,89.0
mean,0.735578652843,0.702010111278,0.753608960635,0.878487821473
std,0.0902517782011,0.069814517223,0.251452348066,0.182496482372
min,0.304060001837,0.360000000119,0.519004034054,0.727262294531
25%,0.706279997396,0.694899995804,0.576637233651,0.778997443557
50%,0.765620002127,0.726700000167,0.666202222383,0.813279892802
75%,0.797380004239,0.743899999619,0.84312156055,0.891998564959
max,0.8178400033,0.763000002265,1.91329850383,1.73737079573
