,acc,val_acc,loss,val_loss
count,582.0,582.0,582.0,582.0
mean,0.198227044501,0.250337285128,3.34071653174,3.14948515687
std,0.0901982006682,0.103239713355,0.552842929708,0.601822743463
min,0.00973999986798,0.00829999994487,2.66130772972,2.47407634735
25%,0.134384999126,0.183499999046,2.87560489893,2.64987703562
50%,0.216889999986,0.276299999356,3.20410700989,2.98109689236
75%,0.2764099994,0.337350000441,3.68507893991,3.49311596155
max,0.317980000019,0.373900001049,4.60784166718,4.60461364746
