,acc,val_acc,loss,val_loss
count,420.0,420.0,420.0,420.0
mean,0.210719762124,0.257304762003,3.27682477009,3.10008185963
std,0.0911444436258,0.0997999478383,0.551328017687,0.586207436909
min,0.0100200000405,0.0102000000887,2.61514387894,2.44307491302
25%,0.149095000654,0.201574999541,2.82168804932,2.62733111143
50%,0.232030000865,0.286099998951,3.13291640759,2.92353196144
75%,0.288385002851,0.337900002301,3.59727497816,3.42304244518
max,0.327300000906,0.373600006104,4.60830940247,4.60446380615
