,acc,val_acc,loss,val_loss
count,141.0,141.0,141.0,141.0
mean,0.797471489429,0.746878014064,0.561924042847,0.778283714984
std,0.0738978853019,0.034447944279,0.212047224246,0.0817613594004
min,0.37726000011,0.510800000668,0.383758562517,0.72384725523
25%,0.776959999084,0.746399999142,0.426765017319,0.745474675179
50%,0.822060000324,0.758499999523,0.485892811871,0.759674082756
75%,0.843820002556,0.762599999428,0.620634161758,0.775961211205
max,0.859320001125,0.769300000191,1.70379454594,1.37499361324
