,acc,val_acc,loss,val_loss
count,460.0,460.0,460.0,460.0
mean,0.289325999742,0.337900869422,2.86936377409,2.72770885628
std,0.103291750654,0.10218585813,0.585787057521,0.565843769189
min,0.0100799998194,0.0127999998257,2.22573580265,2.22051525831
25%,0.233644998409,0.293274998814,2.41616328812,2.31588548481
50%,0.318909999877,0.376550001502,2.69211443901,2.51552660704
75%,0.371780000567,0.413699999303,3.14480557632,2.9248172605
max,0.410599999666,0.436500000358,4.60828793335,4.60320020676
