,acc,val_acc,loss,val_loss
count,251.0,251.0,251.0,251.0
mean,0.742740319167,0.736796414689,0.734318508285,0.7619367304
std,0.0528556506009,0.032910939089,0.150450925418,0.0922820316689
min,0.399079999037,0.518999999464,0.58256623112,0.693188627362
25%,0.725109998059,0.730049998701,0.630145073909,0.706593170971
50%,0.758620000696,0.748400002241,0.689763756955,0.728793163538
75%,0.777870001388,0.75645000124,0.787504631287,0.778083824813
max,0.793980002785,0.763600002289,1.64748112307,1.35089947653
