,acc,val_acc,loss,val_loss
count,108.0,108.0,108.0,108.0
mean,0.350032777512,0.38090833331,2.53417546167,2.46848871726
std,0.104632721875,0.0870475734183,0.575467433488,0.47018462545
min,0.0180599998906,0.0311999999732,1.96846950245,2.13562323093
25%,0.305049999416,0.366500000805,2.11537289035,2.17791454971
50%,0.38689999938,0.419949998856,2.34044381309,2.26702195764
75%,0.430539999813,0.434574999958,2.75144222689,2.53155170918
max,0.458119999647,0.449299998879,4.57331756973,4.45722635269
