,acc,val_acc,loss,val_loss
count,49.0,49.0,49.0,49.0
mean,0.700312245058,0.712236734942,0.894386122778,0.867488838909
std,0.0624717909872,0.0384702140816,0.155358951405,0.0953953087454
min,0.394680001523,0.527900001377,0.798397857875,0.786480150163
25%,0.69801999979,0.715299999356,0.816829960185,0.816467867136
50%,0.722819999528,0.72500000006,0.838465743309,0.841083272785
75%,0.732780000365,0.730400000393,0.89204545002,0.870330772221
max,0.738240000153,0.741400001049,1.66269061406,1.31981016338
