,acc,val_acc,loss,val_loss
count,77.0,77.0,77.0,77.0
mean,0.746715584559,0.731874025812,0.711321427914,0.791347817591
std,0.0624083631219,0.0309481673246,0.17862223706,0.0807636697914
min,0.407059999406,0.565400000811,0.565377596474,0.742721433878
25%,0.734319999504,0.731299997807,0.600358701897,0.757776521206
50%,0.76643999939,0.742500001907,0.653240287781,0.765996094942
75%,0.784639999962,0.747400000095,0.751840344715,0.777781957388
max,0.796900000191,0.752899997711,1.6366513176,1.23635816002
