,acc,val_acc,loss,val_loss
count,81.0,81.0,81.0,81.0
mean,0.758767408611,0.693692590037,0.706437908859,0.934913110795
std,0.116869838739,0.0652294950166,0.304827725548,0.140448834933
min,0.215840003768,0.333500002384,0.413022816509,0.836437576413
25%,0.726319997096,0.688099997044,0.497769088626,0.861216992736
50%,0.796920002246,0.721599997163,0.608499091709,0.886600192666
75%,0.836100002861,0.726400001049,0.810219422364,0.944334299088
max,0.865400001931,0.731899996996,2.07394181442,1.74211653709
