,acc,val_acc,loss,val_loss
count,45.0,45.0,45.0,45.0
mean,0.0134693334035,0.0168777778269,4.59890797891,4.59704040739
std,0.00197346765044,0.00404182041655,0.00528805419293,0.006374063075
min,0.00988000002224,0.010000000149,4.58707006454,4.58165340424
25%,0.0118200000376,0.0134000002407,4.59578704834,4.59323925972
50%,0.0130000001565,0.0168000000529,4.60014891624,4.59880666733
75%,0.0151000001654,0.0207999999635,4.6026817131,4.60197167397
max,0.0171399999224,0.0226000001654,4.60806995392,4.60578856468
