,acc,val_acc,loss,val_loss
count,110.0,110.0,110.0,110.0
mean,0.783173455542,0.675366361542,0.637928070245,1.02940181988
std,0.108517233101,0.0770103619764,0.287521903006,0.185570502733
min,0.217740003295,0.308400002986,0.348407339638,0.854115867615
25%,0.74882999934,0.672649996459,0.43364361724,0.913974725902
50%,0.814460003054,0.708699997783,0.555951977378,0.976409146845
75%,0.857845000482,0.717824995816,0.740485602719,1.04941000113
max,0.885959999537,0.727399996877,2.05900611606,1.92991473603
