,acc,val_acc,loss,val_loss
count,79.0,79.0,79.0,79.0
mean,0.0153445570128,0.0217151899549,4.58359239515,4.57560477438
std,0.00356162588695,0.00664072689158,0.0253997627284,0.0351770608509
min,0.00972000002116,0.00929999999702,4.51073546982,4.47592453003
25%,0.0128999999966,0.0167999999411,4.57457420158,4.56428361893
50%,0.0146600001231,0.0193999996781,4.59511505127,4.59190618515
75%,0.0176900000311,0.0283999998495,4.60127265358,4.60009209633
max,0.0230600001365,0.0323000002652,4.61118735123,4.60671524048
