,acc,val_acc,loss,val_loss
count,125.0,125.0,125.0,125.0
mean,0.75947760002,0.72659839992,0.683937608871,0.812175481647
std,0.0883419304182,0.052889223691,0.248117447887,0.138018232688
min,0.286519999862,0.45320000124,0.470624895716,0.716493208885
25%,0.731980001068,0.72140000248,0.513317631531,0.746149271488
50%,0.791579999924,0.7455,0.596374148464,0.76254430294
75%,0.818320001984,0.755900001049,0.767310441303,0.8090232234
max,0.836020001221,0.765799997807,1.95952682838,1.55723664951
