,acc,val_acc,loss,val_loss
count,59.0,59.0,59.0,59.0
mean,0.740912541538,0.698664407786,0.748345999259,0.898859349555
std,0.110058783123,0.0597242459999,0.285580741637,0.132269784775
min,0.240180000722,0.423299997449,0.470735300004,0.814810236394
25%,0.708060001731,0.693150002956,0.551123461574,0.835181482434
50%,0.773739999175,0.724099999666,0.661853012323,0.85039309144
75%,0.814229997635,0.734300000966,0.843097662449,0.884219053686
max,0.842879999042,0.738100002408,1.98978835177,1.55391901255
