,acc,val_acc,loss,val_loss
count,81.0,81.0,81.0,81.0
mean,0.740098519382,0.72383209852,0.726207549982,0.813874320679
std,0.105303212659,0.0647669378687,0.293944590882,0.170670652962
min,0.26888000301,0.404999997646,0.458192797476,0.709198626637
25%,0.709039998484,0.721399999857,0.520769713718,0.729382936299
50%,0.775880001736,0.75040000093,0.622884400988,0.743886328816
75%,0.812620002556,0.757900001168,0.829306709313,0.812026434064
max,0.833880001736,0.765700000167,1.97293705387,1.6919153738
