,acc,val_acc,loss,val_loss
count,162.0,162.0,162.0,162.0
mean,0.400160492216,0.403890739206,2.27018132367,2.34964166644
std,0.103990500194,0.073275745588,0.56104365124,0.392996776812
min,0.0172199996747,0.0348999995552,1.76216548491,2.14182927728
25%,0.359785000645,0.406249999404,1.87629452306,2.16018505096
50%,0.438449997842,0.435049996525,2.06016148365,2.17626803637
75%,0.474929996535,0.439799997509,2.4667108807,2.32717790037
max,0.497599996805,0.447799997032,4.56151215363,4.4134819603
