,acc,val_acc,loss,val_loss
count,251.0,251.0,251.0,251.0
mean,0.707686533058,0.706793225627,0.832482624549,0.838263234246
std,0.0692099937881,0.0500302512604,0.184480450048,0.133813477518
min,0.254160003227,0.403699997485,0.669223913491,0.740275360346
25%,0.693009997165,0.6984499951,0.712241312778,0.760068536222
50%,0.729619998288,0.72489999938,0.772913821721,0.786707133889
75%,0.751120000648,0.736449998021,0.878848606944,0.859855799139
max,0.76646000154,0.746599999666,1.99937441521,1.63390313816
