,acc,val_acc,loss,val_loss
count,54.0,54.0,54.0,54.0
mean,0.0144051851821,0.021038888885,4.595230331,4.59168980175
std,0.00252675998832,0.00548058036215,0.0103591621274,0.0138465969459
min,0.0100199999735,0.00720000000671,4.56434255219,4.54945194244
25%,0.0124799999325,0.0191250000242,4.59143134785,4.58695935726
50%,0.014650000019,0.0231000000611,4.59871008492,4.59717870712
75%,0.0158949999735,0.0252749999147,4.60237959671,4.6014208889
max,0.0196799999923,0.0273000001162,4.60858421326,4.60556030273
