,acc,val_acc,loss,val_loss
count,108.0,108.0,108.0,108.0
mean,0.764198519643,0.661032405522,0.688655456113,1.07161206977
std,0.113440356432,0.081076065022,0.298368515092,0.231720391964
min,0.206920003694,0.282100003719,0.397253370547,0.904234335303
25%,0.725364999264,0.657499999613,0.479110402399,0.963730927676
50%,0.800840002823,0.692099994123,0.593337843829,1.00936157817
75%,0.841634999889,0.703574997365,0.798712989041,1.08364946538
max,0.869320001268,0.715399999976,2.09201931663,2.55534777117
