,acc,val_acc,loss,val_loss
count,44.0,44.0,44.0,44.0
mean,0.0174345455118,0.0215045454891,4.58727713802,4.58115618988
std,0.00469290880103,0.0059125784445,0.0189120831339,0.0241762424142
min,0.00956000003032,0.00900000007823,4.53772086143,4.5169711113
25%,0.0133900000714,0.0175999999046,4.57835597277,4.57038890123
50%,0.0172700000741,0.0240500000305,4.59437993526,4.59098277092
75%,0.0216700000642,0.0262000001036,4.60090924501,4.59916881323
max,0.0244800002128,0.0282000003383,4.61348297119,4.60599789619
