,acc,val_acc,loss,val_loss
count,274.0,274.0,274.0,274.0
mean,0.304816204369,0.364212043818,2.75544954984,2.55311914684
std,0.0524997514076,0.0508788682929,0.290269071822,0.27159265772
min,0.0278800000213,0.0546999996901,2.48335811615,2.32379680634
25%,0.284805000812,0.351675003171,2.56331788635,2.38488215208
50%,0.322409999728,0.38095000267,2.65777328968,2.45967908382
75%,0.341280001223,0.396424998939,2.84810285997,2.61811879396
max,0.355899998903,0.409500002861,4.48306015778,4.306908741
