,acc,val_acc,loss,val_loss
count,114.0,114.0,114.0,114.0
mean,0.300118772013,0.344041227599,2.76742376766,2.61759071774
std,0.103490808413,0.0977804341938,0.585710649642,0.540347559019
min,0.0142999997027,0.0273999996111,2.16127978301,2.17624359488
25%,0.244280000087,0.31230000101,2.32255787849,2.24646648079
50%,0.334510001048,0.38325000003,2.56796475339,2.39662985563
75%,0.381629999667,0.413074998483,3.04904750848,2.78433997035
max,0.412099998295,0.429899997115,4.59644261932,4.56174845219
