,acc,val_acc,loss,val_loss
count,73.0,73.0,73.0,73.0
mean,0.734554795548,0.72500821847,0.745018024382,0.802955382774
std,0.0782628958255,0.0457127894218,0.222237543276,0.119387452212
min,0.368960000592,0.511200000286,0.53636435914,0.717539331079
25%,0.71299999578,0.720199999094,0.589499747717,0.741096268773
50%,0.75856000073,0.742299995899,0.670387798357,0.753902348757
75%,0.786520002961,0.749499998689,0.818338666821,0.810127864361
max,0.804460002756,0.757100002408,1.71614186158,1.36731419635
