,acc,val_acc,loss,val_loss
count,187.0,187.0,187.0,187.0
mean,0.710865989272,0.710913903514,0.822830972873,0.824766633999
std,0.0616324416686,0.0401721097688,0.166143230336,0.110346519841
min,0.315359999719,0.472499998331,0.669553847599,0.742751534224
25%,0.692700000143,0.705049999475,0.713850072956,0.758600947022
50%,0.730399999905,0.723900002003,0.769308823919,0.785301915646
75%,0.750339999771,0.734550000191,0.871472169781,0.839091997147
max,0.765900000191,0.744400000095,1.83463714905,1.49124997711
