,acc,val_acc,loss,val_loss
count,89.0,89.0,89.0,89.0
mean,0.494805168539,0.459513483146,1.59481472339,1.73275762795
std,0.0876393787335,0.0526005145823,0.288422568323,0.159816610321
min,0.13962,0.2057,1.29305275311,1.64115910959
25%,0.45954,0.4551,1.3814203423,1.65193282032
50%,0.52094,0.4811,1.51243180575,1.66587590075
75%,0.55862,0.4904,1.71158586531,1.72520696735
max,0.58432,0.4952,2.72443034267,2.53260508347
