,acc,val_acc,loss,val_loss
count,60.0,60.0,60.0,60.0
mean,0.700802333527,0.713811667068,0.845882661536,0.83614021565
std,0.0597956241194,0.0335777272284,0.167594197659,0.0873297550572
min,0.406060001546,0.548800001562,0.704988085526,0.767349826247
25%,0.688454999772,0.71344999969,0.735640235838,0.787484804906
50%,0.721250000376,0.724900000274,0.785165461454,0.808320762157
75%,0.738890000898,0.734025000229,0.885209941398,0.839914426982
max,0.748940001261,0.741100001216,1.6297191937,1.29046044636
