,acc,val_acc,loss,val_loss
count,390.0,390.0,390.0,390.0
mean,0.197026666648,0.246417692544,3.35033089133,3.15807341144
std,0.0872067121704,0.0976893171105,0.535607399725,0.581214445725
min,0.0101999999657,0.010500000082,2.68612053871,2.47337605
25%,0.134920000322,0.183999999091,2.90239342523,2.68666875362
50%,0.216499999672,0.273799998164,3.21005778646,2.99413315296
75%,0.272365002185,0.326175000072,3.68735347271,3.5218264854
max,0.313659999013,0.36490000248,4.6075796032,4.60314243317
