,index,acc,loss,val_acc,val_loss
count,135.0,135.0,135.0,135.0,135.0
mean,67.0,0.710111259259,0.828932739759,0.697238518519,0.90749000493
std,39.1152144312,0.0422651382123,0.115627784715,0.0184442645099,0.0460535701555
min,0.0,0.43404,0.739835687712,0.5735,0.850523758531
25%,33.5,0.70237,0.76195273775,0.6946,0.880986674815
50%,67.0,0.72394,0.789613190299,0.7023,0.898215500593
75%,100.5,0.7351,0.847026682016,0.707,0.919218401983
max,134.0,0.74382,1.56934052308,0.7154,1.21409248698
