,acc,val_acc,loss,val_loss
count,889.0,889.0,889.0,889.0
mean,0.202982317043,0.259705286617,3.34703514012,3.15639827088
std,0.0841209578345,0.0959554135761,0.50820769831,0.551019937837
min,0.00969999998808,0.00980000004172,2.73340408325,2.54015644073
25%,0.148199999332,0.201900001764,2.9435291214,2.72628076553
50%,0.225319999814,0.292700004578,3.20017439842,2.97053919792
75%,0.271960000038,0.335800002813,3.63724469757,3.44202827454
max,0.312640000105,0.369399998188,4.62018390274,4.60636756897
