,acc,val_acc,loss,val_loss
count,69.0,69.0,69.0,69.0
mean,0.758380289701,0.697871014111,0.709061755227,0.918549236864
std,0.101271114994,0.0493669371947,0.265295541054,0.102689714366
min,0.292279999848,0.459099998951,0.439108821297,0.8490255059
25%,0.724899999285,0.695099998236,0.518686356282,0.867705166578
50%,0.790860000563,0.717700000286,0.629992480266,0.888596650124
75%,0.828619999981,0.725499999762,0.811569809079,0.921900360823
max,0.854579999828,0.731499999046,1.85898029003,1.45705765486
