,acc,val_acc,loss,val_loss
count,68.0,68.0,68.0,68.0
mean,0.706880000334,0.695498529429,0.835081833877,0.904956985145
std,0.0692925585498,0.0368885594143,0.187355608842,0.0848193721467
min,0.36296000156,0.50050000152,0.680951659372,0.841326911092
25%,0.69250999966,0.693450000882,0.720031844348,0.862570946716
50%,0.730140000045,0.709049999088,0.768461422616,0.881080139577
75%,0.74942000027,0.71372500141,0.873019307753,0.904700760752
max,0.764740000498,0.725099999785,1.73265273178,1.3527652365
