,index,acc,loss,val_acc,val_loss
count,147.0,147.0,147.0,147.0,147.0
mean,73.0,0.375675102041,2.34949288603,0.397286394558,2.37023758843
std,42.5793377121,0.0608425881661,0.338827199911,0.0380058118113,0.201751407669
min,0.0,0.05602,2.07983831358,0.1559,2.27407883167
25%,36.5,0.36063,2.13680354834,0.4035,2.28827220201
50%,73.0,0.39928,2.22451909733,0.4096,2.30149281025
75%,109.5,0.415,2.42599232244,0.41305,2.33818509102
max,146.0,0.42566,4.25061082363,0.4197,3.68399778843
