,acc,val_acc,loss,val_loss
count,324.0,324.0,324.0,324.0
mean,0.286187901159,0.335658641872,2.82844799186,2.64212693858
std,0.0513855666667,0.051969950469,0.285767701394,0.282277037445
min,0.0232000001483,0.0385999996588,2.5689786253,2.39641556263
25%,0.269064999685,0.319349999279,2.63797475982,2.46206040263
50%,0.303400000334,0.353050000966,2.73044753933,2.54115053177
75%,0.322079999447,0.370899999589,2.91407111144,2.72270340562
max,0.336359999895,0.381899998784,4.4736870079,4.33971699715
