,acc,val_acc,loss,val_loss
count,206.0,206.0,206.0,206.0
mean,0.721822524255,0.728115048488,0.79486963114,0.782531976908
std,0.0516123972184,0.0338155704177,0.144569086359,0.0947408672858
min,0.376079999864,0.504699998379,0.65592441411,0.710359551191
25%,0.707090000129,0.722999999881,0.697897683787,0.726290102124
50%,0.736390000439,0.739449999809,0.752201307344,0.749840682268
75%,0.755529999781,0.747700001121,0.838354456425,0.799504510403
max,0.77028000021,0.755299996376,1.71837072926,1.38014357662
