,acc,val_acc,loss,val_loss
count,139.0,139.0,139.0,139.0
mean,0.250867481916,0.274731654586,2.9346934018,2.8906731364
std,0.0761111703773,0.0686561988361,0.435529116256,0.370973856002
min,0.016039999947,0.0197999998368,2.5009741478,2.59704892159
25%,0.216619999945,0.248749997318,2.61122777176,2.641381917
50%,0.276559999466,0.300700004101,2.7897652626,2.75442358971
75%,0.309279999435,0.32379999876,3.11040694618,2.99240898132
max,0.332320000172,0.336000002623,4.53525518799,4.38669431686
