,index,acc,loss,val_acc,val_loss
count,88.0,88.0,88.0,88.0,88.0
mean,43.5,0.691785454545,0.879119024299,0.687125,0.92311294013
std,25.5473416751,0.0475495095617,0.128956625261,0.0232099327231,0.0595864472191
min,0.0,0.42616,0.780453291932,0.5542,0.867565566421
25%,21.75,0.680915,0.801381428959,0.687175,0.892751983277
50%,43.5,0.7085,0.832365375051,0.69315,0.908676376283
75%,65.25,0.720655,0.904759811886,0.6987,0.921203222305
max,87.0,0.7283,1.58212400351,0.7069,1.28469097531
