,acc,val_acc,loss,val_loss
count,209.0,209.0,209.0,209.0
mean,0.505240669856,0.523427751196,1.56964194942,1.54579780187
std,0.05622163416,0.040828527395,0.196376333133,0.137031387176
min,0.20116,0.3025,1.37379615736,1.43682455873
25%,0.48364,0.514,1.42753586998,1.45856579351
50%,0.52294,0.5387,1.50269774265,1.4934771204
75%,0.54568,0.5493,1.64721790648,1.58070503283
max,0.56038,0.5556,2.59935175629,2.28652078724
