,index,acc,loss,val_acc,val_loss
count,123.0,123.0,123.0,123.0,123.0
mean,61.0,0.379469105691,2.33404112608,0.401885365854,2.34845771299
std,35.65108694,0.065193099215,0.357654402524,0.0410721569822,0.215921565885
min,0.0,0.06416,2.02627167702,0.1541,2.23398762941
25%,30.5,0.35845,2.09793241906,0.40555,2.25186314702
50%,61.0,0.40174,2.20824193716,0.4172,2.26467276335
75%,91.5,0.42465,2.43771182728,0.4205,2.32900350094
max,122.0,0.4368,4.18265376949,0.4273,3.67409543037
