,acc,val_acc,loss,val_loss
count,211.0,211.0,211.0,211.0
mean,0.356548815032,0.383794312494,2.5084210356,2.46607986265
std,0.108639330531,0.0899370926275,0.595297492884,0.490572579072
min,0.0140799998976,0.0277000001445,1.90889876175,2.12336723328
25%,0.305430000722,0.370650001168,2.0654563756,2.16184754133
50%,0.392140000105,0.422899999619,2.30731497765,2.25357854843
75%,0.439529999852,0.439499999881,2.75914799786,2.53970647335
max,0.47333999896,0.450199998617,4.59724385834,4.56961380005
