,acc,val_acc,loss,val_loss
count,1000.0,1000.0,1000.0,1000.0
mean,0.164316720154,0.212248200027,3.57175377201,3.3962130017
std,0.0762461206979,0.0894183459133,0.474446592393,0.530478260579
min,0.0100800000429,0.0109999999776,2.96043041039,2.736609478
25%,0.104114999831,0.152324998975,3.16787210608,2.94538981199
50%,0.179400000095,0.234499999285,3.4570775919,3.25434884071
75%,0.231185001343,0.287200000882,3.90859581852,3.75502906322
max,0.270039999008,0.331199997663,4.61539206696,4.6063038063
