,acc,val_acc,loss,val_loss
count,215.0,215.0,215.0,215.0
mean,0.2910792558,0.349779069614,2.83813322168,2.63634955446
std,0.0581930097619,0.0606568313689,0.32540988701,0.326275093185
min,0.019240000017,0.041099999547,2.55328840446,2.37106804848
25%,0.275429998398,0.338600000739,2.62538946342,2.43012083054
50%,0.310899998665,0.371399998665,2.73150501823,2.52218166351
75%,0.330650000334,0.388250000477,2.91912443447,2.7081829071
max,0.346279997826,0.402399998903,4.54665117645,4.44054187775
