,acc,val_acc,loss,val_loss
count,118.0,118.0,118.0,118.0
mean,0.764201018836,0.73645169477,0.656680557004,0.788972943
std,0.0783498010196,0.0414904927554,0.222563334637,0.102890760666
min,0.333060001394,0.483100002706,0.464270645905,0.73266897881
25%,0.746889999604,0.737574998975,0.511053398269,0.747726537883
50%,0.791460003436,0.750499999166,0.578481553137,0.756335925698
75%,0.813150003701,0.755875000477,0.716677203369,0.773724903643
max,0.831520001554,0.763899998903,1.80125317774,1.44609423494
