,acc,val_acc,loss,val_loss
count,320.0,320.0,320.0,320.0
mean,0.251143499967,0.298789062588,3.04776407886,2.86890207368
std,0.10022937362,0.103982983623,0.586235135584,0.59879373924
min,0.0103600000553,0.010999999959,2.36610582542,2.27893753052
25%,0.185170000643,0.243075000644,2.57179044104,2.39555275679
50%,0.278490001082,0.33370000422,2.87744416523,2.63557968616
75%,0.335165000021,0.384125003219,3.3851301651,3.17916368008
max,0.375159999847,0.408800001144,4.60652685547,4.60349905014
