,acc,val_acc,loss,val_loss
count,82.0,82.0,82.0,82.0
mean,0.737310731659,0.732604878155,0.776650962401,0.811135638998
std,0.0700809888577,0.0443545815285,0.182147432385,0.106576065116
min,0.371319999261,0.506199997067,0.661175273085,0.741758359194
25%,0.730809999967,0.732599999547,0.679962292406,0.757471861273
50%,0.765829999614,0.749200000882,0.70326221447,0.775852317989
75%,0.775549999678,0.755374999881,0.785185953176,0.798103307545
max,0.783980000257,0.764100003481,1.72355806675,1.37362623024
