,acc,val_acc,loss,val_loss
count,153.0,153.0,153.0,153.0
mean,0.730959084533,0.727209804376,0.77138901749,0.789284296772
std,0.0711211287308,0.0474031615505,0.18962966248,0.124213475497
min,0.301300000101,0.438699996769,0.604659997046,0.704838573337
25%,0.714000000834,0.721500000358,0.645701682806,0.720618392825
50%,0.754239997745,0.744499999881,0.71178634119,0.742559970617
75%,0.776439998865,0.753599999547,0.825610773683,0.802708513141
max,0.790679996729,0.761199998856,1.87114502168,1.52103814244
