,acc,val_acc,loss,val_loss
count,149.0,149.0,149.0,149.0
mean,0.698899596545,0.701775837976,0.859651698461,0.852787597461
std,0.0613817029789,0.0461404695348,0.162904420937,0.121782040055
min,0.307660001487,0.430699997902,0.715350446689,0.757724558353
25%,0.68249999758,0.688599998951,0.754896316636,0.779862073958
50%,0.720139997888,0.71839999795,0.806857405722,0.80573346293
75%,0.73721999898,0.730400000691,0.908557127237,0.879295526028
max,0.750960000467,0.739300000668,1.84694105291,1.57303712106
