,acc,val_acc,loss,val_loss
count,97.0,97.0,97.0,97.0
mean,0.728587629427,0.72082268035,0.762822066868,0.818587589731
std,0.0589591568115,0.033083661245,0.165893172081,0.0831484531094
min,0.406180001581,0.531700001001,0.625465537089,0.760193257898
25%,0.715400000226,0.719599999368,0.65902272585,0.77911596626
50%,0.748020000458,0.731599999607,0.707015597725,0.795273223966
75%,0.764460000479,0.737500000596,0.798624622524,0.818689457834
max,0.777480001402,0.747800000787,1.62670527399,1.30041813421
