,acc,val_acc,loss,val_loss
count,161.0,161.0,161.0,161.0
mean,0.718102608608,0.723818012432,0.804702932955,0.795724161404
std,0.0560198235502,0.0354411183697,0.155637418413,0.0998984689203
min,0.359679999167,0.515799998283,0.658285579014,0.721100972891
25%,0.703340000439,0.716800000668,0.703339321375,0.734224945068
50%,0.73566000042,0.735599997997,0.75693921299,0.760614767075
75%,0.754199999332,0.744999997616,0.854684851456,0.813179261208
max,0.768579999161,0.750800002098,1.75017654667,1.38144675541
