,index,acc,loss,val_acc,val_loss
count,109.0,109.0,109.0,109.0,109.0
mean,54.0,0.374126788991,2.35768217006,0.390798165138,2.38937320639
std,31.6095976986,0.0644662121218,0.360486671672,0.0407310941866,0.217432512858
min,0.0,0.06226,2.05740398645,0.1534,2.27122773886
25%,27.0,0.35394,2.11957923365,0.3924,2.29262436867
50%,54.0,0.39714,2.23224706554,0.4058,2.30500673294
75%,81.0,0.41806,2.45755064869,0.4088,2.38515360355
max,108.0,0.43032,4.20464749146,0.4154,3.70156063557
