,acc,val_acc,loss,val_loss
count,138.0,138.0,138.0,138.0
mean,0.299008405861,0.339809419873,2.77360271693,2.64069255454
std,0.105640052786,0.0986434434292,0.596444487224,0.546731569662
min,0.0122199997455,0.0181999996118,2.14252591515,2.19805755496
25%,0.241264999785,0.303925000317,2.3088718366,2.25681956738
50%,0.333900000885,0.383249999806,2.57614902115,2.39643869519
75%,0.38425999961,0.411299998686,3.06110137379,2.80502316892
max,0.417059998512,0.424999999404,4.60268945599,4.59327331066
