,acc,val_acc,loss,val_loss
count,99.0,99.0,99.0,99.0
mean,0.777392929183,0.694976767795,0.652676666384,0.955560152251
std,0.11330882592,0.0574882875106,0.299713925425,0.126052400726
min,0.2032399997,0.36070000124,0.357670081663,0.850416676044
25%,0.743869998646,0.69325,0.441588299835,0.882939707041
50%,0.810860000134,0.716300000668,0.565853070307,0.925367591381
75%,0.854140000963,0.721850001335,0.75827701683,0.978789745092
max,0.88252000103,0.727200000286,2.09149543648,1.69879085064
