,acc,val_acc,loss,val_loss
count,104.0,104.0,104.0,104.0
mean,0.743455386104,0.72364807657,0.729214784184,0.811612682997
std,0.0909650855067,0.0571234319302,0.255294416959,0.150972210836
min,0.285740002067,0.425199997544,0.491436766791,0.711964965224
25%,0.716154997933,0.717074996203,0.548946331787,0.733386496872
50%,0.772760002601,0.746149998963,0.650894603097,0.750611717463
75%,0.80546000365,0.755525003225,0.817440932089,0.82629751429
max,0.826080002022,0.764800003171,1.96138951235,1.61472250223
