,acc,val_acc,loss,val_loss
count,119.0,119.0,119.0,119.0
mean,0.704367394353,0.705216806039,0.843435423265,0.831446452108
std,0.0648756225733,0.0459043447911,0.173557695457,0.125574029268
min,0.329320000911,0.480799999177,0.687175432265,0.730175939918
25%,0.689189998251,0.69349999696,0.72741228894,0.749723362416
50%,0.724319999123,0.72310000062,0.78898185885,0.782127738357
75%,0.745879999602,0.734150000811,0.890019775033,0.859168079853
max,0.761680001712,0.742200003505,1.80126379576,1.43542587161
