,acc,val_acc,loss,val_loss
count,289.0,289.0,289.0,289.0
mean,0.317227474122,0.370645328696,2.69551558555,2.52159743561
std,0.053247823702,0.0504857244985,0.28847934635,0.260952195948
min,0.0259800002389,0.0532000006735,2.43391494274,2.30471514702
25%,0.298079999566,0.355400000811,2.49740794468,2.355298419
50%,0.333400001884,0.388299999833,2.60533925438,2.43752434731
75%,0.355360000849,0.403500002623,2.7862528429,2.58272891521
max,0.368820002079,0.413099998832,4.47766561699,4.28042427063
