,acc,val_acc,loss,val_loss
count,160.0,160.0,160.0,160.0
mean,0.781634001779,0.722870623969,0.623569047409,0.844237277079
std,0.0807434513903,0.05072257744,0.226217696815,0.12506227891
min,0.311380001599,0.438699997723,0.453033342826,0.729208608747
25%,0.760720001292,0.715974998027,0.47622679587,0.772873402178
50%,0.813000003529,0.740199999869,0.529860449106,0.809828979313
75%,0.83353000142,0.751350001425,0.682927649903,0.855644168764
max,0.844120001698,0.765900004506,1.89227504749,1.57200446224
