,acc,val_acc,loss,val_loss
count,68.0,68.0,68.0,68.0
mean,0.764277939374,0.703433824829,0.689799402862,0.911503818193
std,0.100978380074,0.0492371146024,0.264460109799,0.0989285888776
min,0.329160006042,0.481700007185,0.418178512711,0.83848287724
25%,0.727365000528,0.693000001986,0.496458251913,0.854968680438
50%,0.794979996976,0.725200000785,0.609432148888,0.887729528245
75%,0.834289995025,0.731400000222,0.800530134227,0.910213380107
max,0.862959993953,0.735199999325,1.76316012238,1.40842345679
