,acc,val_acc,loss,val_loss
count,78.0,78.0,78.0,78.0
mean,0.717129487339,0.709916666578,0.805910154462,0.847368807456
std,0.0959642105201,0.0626378799683,0.264507682916,0.167942381319
min,0.282680000377,0.442800000191,0.550865962505,0.716673978329
25%,0.686615000534,0.698549999356,0.616875434113,0.744763626337
50%,0.750500000191,0.737100001574,0.716924649906,0.77554552269
75%,0.782810000062,0.747974998593,0.902810966039,0.869217864394
max,0.806120000648,0.76020000124,1.96017613411,1.57460076904
