,acc,val_acc,loss,val_loss
count,125.0,125.0,125.0,125.0
mean,0.354745439215,0.383232798715,2.50970636499,2.45601297551
std,0.104247610798,0.0848121394731,0.569778140783,0.459576667688
min,0.0150199996866,0.0298999995552,1.94524445605,2.14218883276
25%,0.308960000843,0.369899999201,2.09690789008,2.17490034103
50%,0.391119998872,0.419199999869,2.3164378345,2.2666675508
75%,0.43291999805,0.433999995887,2.73656957531,2.51407451868
max,0.464019997537,0.444699996412,4.5850224247,4.5031047678
