,acc,val_acc,loss,val_loss
count,139.0,139.0,139.0,139.0
mean,0.361724027833,0.385799998743,2.47295222507,2.44194973254
std,0.105955537152,0.0848407382561,0.578635750237,0.463491356373
min,0.0180799996592,0.0293999996223,1.90701413465,2.1393923223
25%,0.314940001383,0.373799999803,2.04945096266,2.16651186883
50%,0.397779999554,0.423399997056,2.27163130689,2.23330856204
75%,0.440359997362,0.436849998832,2.70049709702,2.50480037093
max,0.470839996636,0.446499997377,4.57500032043,4.46142936707
