,acc,val_acc,loss,val_loss
count,77.0,77.0,77.0,77.0
mean,0.728024415801,0.718864934944,0.776398120555,0.821967942176
std,0.0889981066582,0.0555726429255,0.245419575524,0.14588744856
min,0.310979999754,0.474899999142,0.552142165613,0.711558706164
25%,0.697860000229,0.701,0.604638167071,0.73537208581
50%,0.757580000734,0.741599999666,0.690392165923,0.760573018312
75%,0.789420000172,0.755900001049,0.865710748816,0.853294960499
max,0.807100000334,0.763199999094,1.88269159288,1.48919506121
