,acc,val_acc,loss,val_loss
count,171.0,171.0,171.0,171.0
mean,0.489209239766,0.515940935673,1.62723688366,1.56418975392
std,0.0509312163263,0.0395001112024,0.176513675917,0.135008730087
min,0.21084,0.3104,1.45925170479,1.45161350536
25%,0.47306,0.5053,1.50775324688,1.47696254086
50%,0.506,0.5299,1.57356287537,1.51388506556
75%,0.52348,0.5412,1.684692099,1.59776140356
max,0.537,0.5495,2.5653194952,2.26282766056
