,acc,val_acc,loss,val_loss
count,382.0,382.0,382.0,382.0
mean,0.232238062896,0.276995549694,3.15246085468,2.98172048456
std,0.093666993355,0.0977631697549,0.557715709734,0.575584831136
min,0.0111199999861,0.0146999998763,2.49611218071,2.37052576065
25%,0.173769999623,0.227750001699,2.69922218704,2.537136271
50%,0.256199999332,0.309750002623,2.99549808121,2.77818161964
75%,0.310644999444,0.352275002301,3.45910904741,3.25479839325
max,0.34871999836,0.387399998903,4.60649508667,4.60298425674
