,acc,val_acc,loss,val_loss
count,166.0,166.0,166.0,166.0
mean,0.779249399335,0.728570481808,0.630241800285,0.832274296477
std,0.0806924594197,0.0516708999235,0.226909556743,0.122558518561
min,0.303260001874,0.42329999727,0.456622233748,0.722608731747
25%,0.760545002145,0.721949996531,0.486665370196,0.764284811497
50%,0.810880002904,0.74680000031,0.537907707262,0.798401019037
75%,0.829870001769,0.75737500146,0.683516548011,0.842947766781
max,0.842220001769,0.770800004601,1.915666994,1.59662296891
