,acc,val_acc,loss,val_loss
count,96.0,96.0,96.0,96.0
mean,0.750638332238,0.733360417041,0.716683349194,0.788268134023
std,0.0825977449138,0.0479140533669,0.228025062141,0.126466125438
min,0.327140000075,0.485499997437,0.533000794053,0.704392638803
25%,0.725650001377,0.732225001454,0.561366765991,0.721925319433
50%,0.782159998894,0.751549999118,0.629580478966,0.743549162447
75%,0.805184998095,0.759024999589,0.788244121432,0.788161257654
max,0.818779998302,0.765899999738,1.84532096148,1.45100901484
