,acc,val_acc,loss,val_loss
count,368.0,368.0,368.0,368.0
mean,0.28363923908,0.334567663065,2.84512632576,2.64993855323
std,0.0550500849242,0.0558044611839,0.306713829465,0.302895299638
min,0.0199400001019,0.0325999998301,2.56583530235,2.38956670761
25%,0.265220001578,0.319174998105,2.63938396168,2.45367602587
50%,0.302929999471,0.352699995637,2.7396608572,2.54847507477
75%,0.321600000739,0.371649999619,2.93545187855,2.72745207787
max,0.338700001478,0.386500000954,4.53706759262,4.35614368439
