,acc,val_acc,loss,val_loss
count,98.0,98.0,98.0,98.0
mean,0.751189185236,0.681603058307,0.719634942612,0.961884466613
std,0.112432432012,0.0603533436541,0.295310460862,0.131331989352
min,0.198400003813,0.343000002384,0.432530507624,0.871140752673
25%,0.715784998286,0.682549996197,0.51752886931,0.897588611156
50%,0.786590005386,0.704899998426,0.628477278328,0.922075345993
75%,0.826895002198,0.712849995583,0.825476178491,0.963690307289
max,0.854080002499,0.718499994397,2.12417778063,1.75309850192
