,acc,val_acc,loss,val_loss
count,111.0,111.0,111.0,111.0
mean,0.345705945405,0.378442341358,2.55523476987,2.50056856772
std,0.102524427463,0.0844926449415,0.569428272136,0.460642871873
min,0.0151799996868,0.0395999993756,1.97488709188,2.17350950122
25%,0.30085000138,0.362150000632,2.13191217494,2.21561532438
50%,0.377059999555,0.416899998486,2.37787871218,2.30879566908
75%,0.424349997699,0.431799996793,2.78417867899,2.57614130974
max,0.455739998519,0.44039999783,4.59028234005,4.52524292469
