,index,acc,loss,val_acc,val_loss
count,220.0,220.0,220.0,220.0,220.0
mean,109.5,0.411274090909,2.18770938238,0.409127272727,2.34085243073
std,63.6527035299,0.0776869920506,0.424927927862,0.0509849192657,0.264443591497
min,0.0,0.02744,1.80491315126,0.0569,2.20412960052
25%,54.75,0.386545,1.90686553836,0.4083,2.22431998253
50%,109.5,0.43783,2.03992305279,0.42825,2.24280393124
75%,164.25,0.46555,2.3051296854,0.433225,2.32747206092
max,219.0,0.4844,4.48876932144,0.4398,4.25460095406
