,acc,val_acc,loss,val_loss
count,278.0,278.0,278.0,278.0
mean,0.730648202026,0.736464389472,0.769612147041,0.765014936923
std,0.0496879995525,0.0314463926863,0.140130336545,0.0888752174781
min,0.395780001734,0.519100001037,0.642030265564,0.702487380236
25%,0.715884999949,0.732200000405,0.674667359708,0.714748633265
50%,0.746960000205,0.747100000769,0.724240171328,0.732244616568
75%,0.763185000494,0.754450001016,0.814647591116,0.776074928828
max,0.774680001223,0.760000001669,1.6511681144,1.34841505361
