,acc,val_acc,loss,val_loss
count,70.0,70.0,70.0,70.0
mean,0.743109143502,0.723374285039,0.721216028127,0.826898779998
std,0.0623458513161,0.0383939673369,0.177210193146,0.091271181499
min,0.422939999968,0.498,0.575840611875,0.761040201724
25%,0.72940999946,0.724074999243,0.609862489562,0.78766266951
50%,0.763760001552,0.736399998248,0.660574923408,0.795509756774
75%,0.783080001724,0.741399999142,0.765277894014,0.822783284411
max,0.792640001917,0.75069999814,1.59190526752,1.38293107414
