,acc,val_acc,loss,val_loss
count,422.0,422.0,422.0,422.0
mean,0.295859525956,0.337889810409,2.83384482616,2.70385387443
std,0.105755676156,0.100251011246,0.597164898845,0.565428986728
min,0.0104000000581,0.0110999999009,2.17180075932,2.20344984055
25%,0.235679999977,0.298075002134,2.36882286358,2.29944348335
50%,0.326309999585,0.377149999738,2.64475415897,2.46740046024
75%,0.381620000303,0.413174998164,3.1339812603,2.91582976818
max,0.418859999895,0.433299996853,4.60878482819,4.60257127762
