,acc,val_acc,loss,val_loss
count,197.0,197.0,197.0,197.0
mean,0.745012588301,0.736147715112,0.730556271235,0.764074949554
std,0.0637688804041,0.0399573742885,0.173033367466,0.105943487977
min,0.354680006306,0.505700006381,0.573616175235,0.696526794836
25%,0.726280000859,0.728699998796,0.612815112033,0.70482398586
50%,0.766759998256,0.75119999823,0.672165745486,0.720224728376
75%,0.787199997747,0.760199998051,0.784511917442,0.774028953768
max,0.801619997168,0.766099998221,1.72142064574,1.38547117156
