,acc,val_acc,loss,val_loss
count,83.0,83.0,83.0,83.0
mean,0.778063855898,0.706697590253,0.643802727871,0.912064586366
std,0.100022866628,0.0464577933867,0.26221671462,0.0962490225201
min,0.307300001711,0.45440000093,0.374632616442,0.83280716908
25%,0.745360000724,0.708049999774,0.452830243254,0.849162319973
50%,0.80784000237,0.723100000083,0.566476404676,0.883473710954
75%,0.847920000273,0.730600000113,0.748098263815,0.936200325489
max,0.875079997826,0.733899999917,1.80004695754,1.45391046762
