,acc,val_acc,loss,val_loss
count,185.0,185.0,185.0,185.0
mean,0.734787783687,0.725130810791,0.759028415743,0.784543018584
std,0.0629313848263,0.0381565239413,0.169432012375,0.105759681679
min,0.327660000251,0.486799996853,0.605569807994,0.711854590595
25%,0.718040000248,0.721899999857,0.649202757835,0.725027150273
50%,0.75548000083,0.737000000238,0.70525448103,0.748232914925
75%,0.774180000448,0.746900000334,0.809598911214,0.793303526044
max,0.788819999361,0.753900001049,1.80487223263,1.43720707035
