,acc,val_acc,loss,val_loss
count,97.0,97.0,97.0,97.0
mean,0.74099752558,0.734089690605,0.770508894071,0.811501418785
std,0.0665515884629,0.0408266036246,0.1718694544,0.0973385735121
min,0.359579999642,0.503599998713,0.655905714726,0.75010834837
25%,0.735679998779,0.735500000477,0.676279503846,0.768938558102
50%,0.764520000553,0.747700000763,0.710592667139,0.782181698322
75%,0.777680000448,0.754499999523,0.782697298884,0.806031300426
max,0.785700000191,0.762799999237,1.74391544065,1.38479055309
