,acc,val_acc,loss,val_loss
count,248.0,248.0,248.0,248.0
mean,0.738927983722,0.738587499677,0.743694274524,0.75250893332
std,0.0489329981106,0.0311185229147,0.138852040367,0.0855496375856
min,0.424480006428,0.543200006396,0.613208113494,0.690110209875
25%,0.722765000574,0.730774999965,0.647421638052,0.699422336966
50%,0.755099999072,0.749649999335,0.701159115227,0.721819949228
75%,0.772459998436,0.758324998878,0.790297829966,0.766479056394
max,0.78389999772,0.762999998227,1.58194440738,1.28358604267
