,acc,val_acc,loss,val_loss
count,241.0,241.0,241.0,241.0
mean,0.288493443882,0.300153941896,2.71972788622,2.75047357785
std,0.0732023243248,0.0576571786667,0.409421348022,0.308785064758
min,0.0162799999602,0.0232999999449,2.3162455101,2.55525689125
25%,0.258679998517,0.290900000334,2.43019550896,2.57274291039
50%,0.314120000839,0.322400001287,2.58621918869,2.6227969265
75%,0.342259999752,0.334300000668,2.86926324844,2.79063792229
max,0.365039999962,0.345700000525,4.54522081757,4.36396337509
