,acc,val_acc,loss,val_loss
count,87.0,87.0,87.0,87.0
mean,0.780610346886,0.740479310017,0.609903947272,0.784914275278
std,0.0758036714869,0.0353553400227,0.217737944299,0.0855607974302
min,0.369139999646,0.52690000248,0.43764391731,0.735340307713
25%,0.766280002391,0.741999996603,0.474709191078,0.752714539409
50%,0.807380003476,0.752000000238,0.534077260852,0.76325296092
75%,0.826950001919,0.756450002491,0.651759976989,0.77530103755
max,0.841020001721,0.765400003195,1.74677943754,1.32641452026
