,acc,val_acc,loss,val_loss
count,59.0,59.0,59.0,59.0
mean,0.707005423987,0.715571186516,0.879141509773,0.863849411749
std,0.0600991581066,0.0404216612579,0.14927200916,0.0962479365633
min,0.389580001342,0.503300001383,0.796137520713,0.79662096709
25%,0.707439999795,0.72059999907,0.808303048807,0.818709299266
50%,0.729199999964,0.728599999487,0.82414650448,0.837725600302
75%,0.736390000534,0.734700000614,0.870459716687,0.858239528805
max,0.743420000398,0.742499999166,1.67554411502,1.38041048753
