,acc,val_acc,loss,val_loss
count,209.0,209.0,209.0,209.0
mean,0.727098756122,0.728790429943,0.778514665669,0.784581460972
std,0.0607707234948,0.0397240157837,0.170618761894,0.110439079922
min,0.327700000277,0.476699997306,0.626138474119,0.706084646821
25%,0.710699997139,0.722000002146,0.665339245033,0.719417996764
50%,0.746059999204,0.74460000062,0.724576522827,0.741180874705
75%,0.766620002079,0.751800000191,0.828911227989,0.801390611887
max,0.779620002818,0.758800001979,1.85311687031,1.46462839699
