,acc,val_acc,loss,val_loss
count,189.0,189.0,189.0,189.0
mean,0.711223597848,0.723512698378,0.825853318312,0.800573169185
std,0.0570900320016,0.0399061086981,0.158491937868,0.10904673013
min,0.343040000033,0.46629999876,0.681743874192,0.72029088223
25%,0.692540001392,0.718300000668,0.719410637808,0.734350805759
50%,0.728920000172,0.737800000906,0.775087798595,0.761036506176
75%,0.748380001259,0.747300003052,0.879266237354,0.820880967379
max,0.762020000124,0.753100001097,1.81407365198,1.46584438515
