,acc,val_acc,loss,val_loss
count,131.0,131.0,131.0,131.0
mean,0.735235266496,0.722734351025,0.74230257452,0.814183402086
std,0.111550573136,0.0747735768645,0.310412461358,0.199189464757
min,0.201579999909,0.32830000177,0.443092833966,0.693765034974
25%,0.6970500018,0.71630000174,0.517611571431,0.710392435342
50%,0.77339999938,0.753600001931,0.638272888958,0.724237886071
75%,0.813679998398,0.764499998987,0.86298219341,0.814083412886
max,0.838479998589,0.771199997663,2.14480124688,1.908913306
