,acc,val_acc,loss,val_loss
count,105.0,105.0,105.0,105.0
mean,0.757510476059,0.729746666705,0.694532313305,0.803176181252
std,0.0850949912448,0.0519402859607,0.23711743452,0.135036933769
min,0.318520000279,0.428099998951,0.495034921551,0.715324316025
25%,0.734139998674,0.729500001192,0.5308324512,0.737100309849
50%,0.787859999847,0.748699998617,0.607208463454,0.756448215723
75%,0.813580000019,0.757599999905,0.770997374964,0.803816558242
max,0.829479999352,0.764800001621,1.87615535498,1.62536763287
