,acc,val_acc,loss,val_loss
count,605.0,605.0,605.0,605.0
mean,0.202129520401,0.258555702327,3.34902973578,3.15742560758
std,0.0867353195599,0.100749152164,0.525679950523,0.572390818844
min,0.0101800001152,0.0100000001816,2.71772929955,2.51933376312
25%,0.143380000085,0.199000000656,2.91866842079,2.70009253025
50%,0.224019999444,0.287799998522,3.19749615002,2.97214715481
75%,0.275119999349,0.341000002623,3.66853809834,3.47378819942
max,0.314079999924,0.375299999714,4.60818196487,4.60389816284
