,index,acc,loss,val_acc,val_loss
count,567.0,567.0,567.0,567.0,567.0
mean,283.0,0.542115661376,1.4358932718,0.537546560847,1.48842510455
std,163.823075298,0.0474217736986,0.168881332016,0.0288977168695,0.0976180266641
min,0.0,0.20506,1.26772753782,0.2988,1.425683074
25%,141.5,0.52701,1.31918521323,0.5352,1.43543127263
50%,283.0,0.55756,1.38309610705,0.547,1.45246048379
75%,424.5,0.57391,1.49399553792,0.5532,1.49711635935
max,566.0,0.5887,2.57996493835,0.558,2.28407329226
