,acc,val_acc,loss,val_loss
count,187.0,187.0,187.0,187.0
mean,0.710305668334,0.70770802097,0.826602547627,0.835001183813
std,0.0627430181668,0.0417950192428,0.168111081407,0.111884429723
min,0.307119999665,0.460599998474,0.677192437887,0.7554756217
25%,0.694109999084,0.699800001621,0.714765128231,0.770153349519
50%,0.731119999313,0.722800000191,0.769439358139,0.79344705534
75%,0.750559999228,0.732050000429,0.874618057442,0.852633093834
max,0.765680000019,0.740399997711,1.85842031097,1.50046561432
