,acc,val_acc,loss,val_loss
count,45.0,45.0,45.0,45.0
mean,0.0171413333817,0.0233822223172,4.57213162274,4.56029907438
std,0.00485211368676,0.00711673094247,0.0369052629865,0.0492558901552
min,0.00938000007533,0.00919999992475,4.48146533966,4.44136767387
25%,0.0127600000333,0.0189000001177,4.55118989944,4.53296442032
50%,0.0169600000046,0.0269000001252,4.58892093658,4.58329691887
75%,0.0208800000511,0.0288000002503,4.60040333748,4.59808058739
max,0.0266600000858,0.0306999998167,4.61328397751,4.60699548721
