,acc,val_acc,loss,val_loss
count,263.0,263.0,263.0,263.0
mean,0.347982053191,0.375263497986,2.55499256979,2.51739291723
std,0.107315712227,0.091220299386,0.592098164232,0.495800698667
min,0.0108800000139,0.0132999999821,1.94130767727,2.14571022987
25%,0.297830000073,0.357199999094,2.11011804676,2.2039902544
50%,0.38191999948,0.411100000143,2.35820451927,2.30821336746
75%,0.430489999771,0.435999999046,2.80425760555,2.60032578468
max,0.4654399997,0.449899999499,4.60413223267,4.59610911369
