,acc,val_acc,loss,val_loss
count,160.0,160.0,160.0,160.0
mean,0.710427751065,0.712810001091,0.825005761563,0.826012850379
std,0.0584876096273,0.0388842555669,0.155294769682,0.103079165425
min,0.356420005938,0.49190000689,0.684929471141,0.74941412425
25%,0.695575001948,0.706675002061,0.723923693584,0.766424049273
50%,0.728580000792,0.726200000361,0.774480392854,0.787481670372
75%,0.747964999435,0.735775000084,0.868091170318,0.841891479246
max,0.763659998867,0.741899999902,1.72053729115,1.40101072967
