,acc,val_acc,loss,val_loss
count,269.0,269.0,269.0,269.0
mean,0.311709962934,0.352830111318,2.74980286834,2.6366045218
std,0.10803039315,0.100773594433,0.604081695357,0.553977243951
min,0.0113799999841,0.0149000000209,2.09440496445,2.16417763233
25%,0.253540001214,0.319400000572,2.28584315777,2.25019772053
50%,0.343559999466,0.39430000782,2.5583995533,2.40759444237
75%,0.397280000448,0.425100001693,3.03535476208,2.80804729462
max,0.437499997616,0.442599996924,4.60599881172,4.59943470955
