,acc,val_acc,loss,val_loss
count,121.0,121.0,121.0,121.0
mean,0.692455370121,0.698800824422,0.881545349421,0.867598428801
std,0.0610887411961,0.0527592916659,0.169089822085,0.155500293744
min,0.34080000018,0.396599997818,0.725680323064,0.751803959846
25%,0.675119997406,0.690000002623,0.772532282603,0.780257257104
50%,0.711039997053,0.715599997044,0.828199590707,0.818593086958
75%,0.73103999896,0.730200000763,0.935814234734,0.887198665261
max,0.747599999881,0.739399998546,1.82689181705,1.91276096892
