,acc,val_acc,loss,val_loss
count,80.0,80.0,80.0,80.0
mean,0.774312750106,0.737141249783,0.630469456107,0.794109833615
std,0.0715652622483,0.035506881789,0.206130332449,0.083254804819
min,0.390639998952,0.543600000739,0.466120643568,0.744153369308
25%,0.760159999466,0.740274998963,0.503597850931,0.757908348322
50%,0.800030000949,0.749699999452,0.555978115273,0.770912374675
75%,0.817444999349,0.752649999857,0.675878111517,0.787596834868
max,0.831480000353,0.760499999046,1.69143744631,1.27260193872
