,acc,val_acc,loss,val_loss
count,359.0,359.0,359.0,359.0
mean,0.307012980508,0.350437883128,2.7739621226,2.64294431293
std,0.103262536939,0.0975116400006,0.581408926164,0.545453647492
min,0.0108199999854,0.0127000001073,2.15005299759,2.18330541611
25%,0.251959998727,0.313799999952,2.33107381725,2.26579147816
50%,0.338359999657,0.39180000186,2.58229925728,2.41201656342
75%,0.387940000772,0.418999999762,3.03843035984,2.81715785503
max,0.42431999898,0.437000001669,4.606534729,4.59980621338
