,acc,val_acc,loss,val_loss
count,173.0,173.0,173.0,173.0
mean,0.300366820881,0.363930635654,2.78865403498,2.58526203263
std,0.0554540482904,0.055801114008,0.302588037272,0.291605411348
min,0.0332200001404,0.0630000009388,2.50541709137,2.33631342411
25%,0.28162000078,0.346899999976,2.57880020809,2.39473059654
50%,0.316980001211,0.382500001788,2.69672717667,2.48611174107
75%,0.340240000606,0.401699998975,2.89129566193,2.65819270611
max,0.356340000153,0.414800001979,4.41714228439,4.22564962387
