,acc,val_acc,loss,val_loss
count,75.0,75.0,75.0,75.0
mean,0.729078399366,0.721616000295,0.775398819264,0.813586037985
std,0.0907194174067,0.0561878681627,0.249389431773,0.152375200881
min,0.316200000301,0.459199996889,0.554959129512,0.705602165759
25%,0.700030000925,0.714850002229,0.600677356184,0.72676665768
50%,0.761559998512,0.743400002122,0.687398872614,0.75220515877
75%,0.791119997978,0.75469999969,0.861374786735,0.83268599689
max,0.806939998269,0.761399998665,1.87000064063,1.5362361896
