,acc,val_acc,loss,val_loss
count,184.0,184.0,184.0,184.0
mean,0.546078152174,0.472915217391,1.41308835669,1.76616814587
std,0.0891095275634,0.0417116131823,0.300449992357,0.115763594988
min,0.12122,0.1965,1.09780513239,1.66978670406
25%,0.51017,0.47365,1.1924597939,1.69782190371
50%,0.5731,0.48965,1.3236720202,1.74073774433
75%,0.610955,0.492725,1.54241395731,1.79685555792
max,0.63866,0.4973,2.78482122421,2.55168990326
