,acc,val_acc,loss,val_loss
count,80.0,80.0,80.0,80.0
mean,0.730832499848,0.729621250127,0.797272815296,0.820283569221
std,0.0683943592718,0.0447248941665,0.177386392383,0.109861362705
min,0.365519998874,0.507799997449,0.678194193304,0.735320335031
25%,0.726145000225,0.728124999762,0.706095253778,0.768303215623
50%,0.758360000467,0.746299999714,0.730793392843,0.782999110043
75%,0.76703999989,0.753100000024,0.803698124558,0.822602771252
max,0.778319999123,0.761700000525,1.73815583143,1.38049790335
