,acc,val_acc,loss,val_loss
count,347.0,347.0,347.0,347.0
mean,0.331600634007,0.384788472822,2.61626919247,2.44898231684
std,0.0504625600302,0.0445716652985,0.270451104326,0.233055939153
min,0.0372799999528,0.0968000000715,2.36424614334,2.26637102604
25%,0.315640000343,0.373150001764,2.43950016117,2.30771093845
50%,0.348660000324,0.399299997091,2.52759776497,2.36906155586
75%,0.365860000134,0.413150003552,2.6975496912,2.49270452499
max,0.380759999514,0.423099998236,4.37264863586,4.05449698448
