,acc,val_acc,loss,val_loss
count,130.0,130.0,130.0,130.0
mean,0.376358768937,0.394180768826,2.39482782671,2.3986883754
std,0.106632761335,0.0817201445255,0.58214286804,0.44171911513
min,0.0158799998276,0.0303000000305,1.83655263233,2.12362371683
25%,0.328935000598,0.38637500003,1.97215611947,2.14449174106
50%,0.412679999173,0.431049999595,2.18920128608,2.20938610673
75%,0.455430000842,0.442549998462,2.6256533041,2.44993665934
max,0.483899999022,0.447900001407,4.58215394592,4.47792528152
