,acc,val_acc,loss,val_loss
count,79.0,79.0,79.0,79.0
mean,0.745847847266,0.694484811131,0.737154756455,0.91785808375
std,0.108165439413,0.0629260949795,0.282341600275,0.142091230561
min,0.224280000173,0.33349999994,0.460190480828,0.830838868022
25%,0.712840001345,0.693650002182,0.538976600945,0.853802368045
50%,0.779699998498,0.719500001669,0.651032253981,0.875505411327
75%,0.818289997637,0.724950000644,0.839891147733,0.909369417578
max,0.847559998155,0.730099999309,2.04090846682,1.76514059544
