,acc,val_acc,loss,val_loss
count,37.0,37.0,37.0,37.0
mean,0.0170043243701,0.0229864865552,4.56363613031,4.54789227279
std,0.00461428491633,0.00539197769674,0.0439139486568,0.0595892255258
min,0.0094400000805,0.00910000013188,4.46840132523,4.42117621422
25%,0.0133600000506,0.0215999997407,4.53062958336,4.50109340668
50%,0.0169600000605,0.02520000007,4.58396186638,4.5769513607
75%,0.0210599999502,0.0262000000663,4.59904008484,4.59678692818
max,0.0252400001436,0.0287000000104,4.60740901375,4.60466176033
