,acc,val_acc,loss,val_loss
count,223.0,223.0,223.0,223.0
mean,0.730320358824,0.718983407394,0.769461112589,0.801797334616
std,0.0571562866793,0.0393691749331,0.155233726236,0.104408313621
min,0.341580000647,0.440299997926,0.626721274745,0.728245084286
25%,0.713839997828,0.714399998307,0.665457982522,0.743080139011
50%,0.747260000086,0.733300001502,0.72215454843,0.763682294905
75%,0.767690001035,0.740349998772,0.816804051036,0.815324284017
max,0.781420001745,0.747899999619,1.77684547887,1.52655017662
