,acc,val_acc,loss,val_loss
count,183.0,183.0,183.0,183.0
mean,0.487188087432,0.506796174863,1.63470219726,1.59501204512
std,0.0563138151823,0.0446495528276,0.195610789695,0.151632442391
min,0.1764,0.2518,1.44742367897,1.47177041721
25%,0.46671,0.4982,1.49946927519,1.49806058025
50%,0.50542,0.5237,1.56995665035,1.54043662643
75%,0.52639,0.5363,1.7074051609,1.62952015543
max,0.54358,0.5427,2.68575167351,2.47006931114
