,acc,val_acc,loss,val_loss
count,161.0,161.0,161.0,161.0
mean,0.72974807462,0.727846583091,0.772155421372,0.779695028797
std,0.0570141364969,0.0386205729386,0.158753221601,0.108427523796
min,0.382799999177,0.486699995935,0.624328048897,0.70054175818
25%,0.714099997449,0.719999996543,0.664895524442,0.713927597642
50%,0.748099999952,0.74129999876,0.721197980285,0.742205878496
75%,0.766720001626,0.7505,0.821810462153,0.800767221451
max,0.78130000217,0.757499999523,1.69980831833,1.4260284903
