,acc,val_acc,loss,val_loss
count,242.0,242.0,242.0,242.0
mean,0.361820495695,0.388021074237,2.47497229507,2.44192647887
std,0.107430480862,0.0874133496978,0.589482559546,0.477664249023
min,0.0118799999282,0.0207000001147,1.86018987942,2.1181750679
25%,0.31288999933,0.374274997413,2.03419468713,2.14944196582
50%,0.394709999561,0.424799997807,2.28521992111,2.23297969341
75%,0.443279999852,0.442899999321,2.72607348824,2.50501399755
max,0.479439997435,0.451699999571,4.60140772247,4.58846830368
