,acc,val_acc,loss,val_loss
count,708.0,708.0,708.0,708.0
mean,0.27226929368,0.323469773935,2.96255032707,2.79246636637
std,0.0994963368336,0.102413484437,0.569248929457,0.569097210717
min,0.0100399998948,0.0120999998786,2.32720453835,2.25911275864
25%,0.216390000165,0.281124999225,2.51184975338,2.36285405636
50%,0.298849999666,0.356149999499,2.7920788269,2.58380827904
75%,0.354420000851,0.403774996698,3.24201266861,3.01140617609
max,0.389220000029,0.425500000715,4.61174942017,4.60162103653
