,acc,val_acc,loss,val_loss
count,55.0,55.0,55.0,55.0
mean,0.0154927272988,0.0232145455937,4.5800223302,4.57085149678
std,0.00397299465752,0.00584954634168,0.0263463744266,0.03532632315
min,0.00974000010639,0.0104000001214,4.52212272644,4.49472436905
25%,0.0120400001388,0.0224000003189,4.56207758904,4.54588160515
50%,0.0152000000607,0.0246000001207,4.59178495407,4.58760256767
75%,0.0189899999462,0.0273500003852,4.6005698967,4.5992405653
max,0.0225600000285,0.0305000001565,4.61239165306,4.60610384941
