,acc,val_acc,loss,val_loss
count,137.0,137.0,137.0,137.0
mean,0.320016204112,0.353655473883,2.65982955483,2.56307993803
std,0.106194395044,0.0942975572434,0.598723755515,0.524157299838
min,0.0133799997419,0.0204999995977,2.07360457587,2.19882124543
25%,0.269660000265,0.33000000149,2.2165636096,2.22709723353
50%,0.357640000671,0.400499999225,2.43912833929,2.31054946303
75%,0.40135999912,0.414599997997,2.9098290143,2.6632935071
max,0.428339998186,0.427399998605,4.60016898537,4.58308696747
