,acc,val_acc,loss,val_loss
count,455.0,455.0,455.0,455.0
mean,0.261575296704,0.315059560801,3.02181632586,2.84535707918
std,0.0968270536822,0.101022164575,0.559776306505,0.566831979715
min,0.00934000003617,0.0100999999698,2.38709233665,2.30127567291
25%,0.20847999981,0.271149997711,2.58300073528,2.41878819466
50%,0.287619996309,0.351000003815,2.85865237999,2.63967587471
75%,0.33981000042,0.393149997294,3.29522402191,3.06443574905
max,0.37769999969,0.416700000763,4.61148934364,4.60332019806
