,acc,val_acc,loss,val_loss
count,458.0,458.0,458.0,458.0
mean,0.292179825335,0.337596288249,2.86049364097,2.71498596685
std,0.103740759083,0.102873593632,0.588886356595,0.571681539063
min,0.0100999999642,0.0105000000261,2.22222391701,2.2026899147
25%,0.233589998722,0.29309999913,2.4006162653,2.30885178089
50%,0.323330000877,0.379600001574,2.67358286142,2.48023466825
75%,0.376124997675,0.414999996126,3.15392371011,2.92752203345
max,0.412139998794,0.436699997187,4.61432372665,4.60335113525
