,acc,val_acc,loss,val_loss
count,72.0,72.0,72.0,72.0
mean,0.763277776543,0.736094445094,0.660573835539,0.78949691563
std,0.0701839864298,0.0306824482429,0.201024463648,0.0769805980741
min,0.402519998819,0.566599999368,0.493871190608,0.737367622852
25%,0.747014999598,0.738850000352,0.534313515827,0.757279723138
50%,0.787909998059,0.746099999845,0.589179822683,0.766644586325
75%,0.805869998068,0.750624998361,0.707628505692,0.7879471457
max,0.81931999886,0.759700000882,1.64907073402,1.24221105814
