,index,acc,loss,val_acc,val_loss
count,580.0,580.0,580.0,580.0,580.0
mean,289.5,0.769994655172,0.651949362853,0.751472241379,0.722992344207
std,167.575853471,0.0490446090381,0.141894126684,0.0272670869275,0.0762116285909
min,0.0,0.36382,0.520359308124,0.4977,0.68248365432
25%,144.75,0.755805,0.559282105088,0.749075,0.686418086514
50%,289.5,0.78567,0.60446106407,0.7613,0.694324454665
75%,434.25,0.800725,0.696032835364,0.7654,0.723992036581
max,579.0,0.81486,1.75021621299,0.769,1.41341575861
