,acc,val_acc,loss,val_loss
count,41.0,41.0,41.0,41.0
mean,0.701846829129,0.704787804606,0.845071989108,0.86599040251
std,0.0666299297429,0.0342723376096,0.185503174449,0.0915978274571
min,0.420159999035,0.562599997044,0.687068497634,0.799635299206
25%,0.684139999342,0.69490000248,0.716564518201,0.819589507341
50%,0.724180000734,0.716000000834,0.781603393579,0.839541257501
75%,0.744000000811,0.725199999332,0.899642417383,0.866957842588
max,0.759119999838,0.732599998713,1.59857112799,1.29627489161
