,acc,val_acc,loss,val_loss
count,86.0,86.0,86.0,86.0
mean,0.759840465327,0.73375465125,0.66985213303,0.788162947516
std,0.0728462975861,0.0401538614108,0.209263751998,0.10123386217
min,0.367259999776,0.515100005627,0.500020920992,0.727535714149
25%,0.743179999661,0.734324998975,0.540835568047,0.744059017301
50%,0.785160000181,0.74704999876,0.596678284955,0.753141316414
75%,0.803819999504,0.753199998736,0.714871767759,0.772585637212
max,0.819840000725,0.760799995899,1.75179690056,1.3510114851
