,acc,val_acc,loss,val_loss
count,483.0,483.0,483.0,483.0
mean,0.301625465922,0.346686542379,2.80292702545,2.65883613251
std,0.106867512567,0.103599430525,0.599648800152,0.574533908337
min,0.0105599999605,0.0156000002287,2.15218166447,2.16326132298
25%,0.242540000021,0.30594999969,2.33972603607,2.25548796654
50%,0.333279999495,0.389899999499,2.60973112679,2.41649122238
75%,0.386639997125,0.423000003695,3.09271248055,2.86249682903
max,0.426800002337,0.439799998403,4.60892455673,4.60214909554
