,acc,val_acc,loss,val_loss
count,78.0,78.0,78.0,78.0
mean,0.754798719037,0.733824358635,0.68601648986,0.791571165477
std,0.0736567059839,0.036267821681,0.210085844971,0.0926704430996
min,0.398139999858,0.539899999142,0.499432531416,0.728334754109
25%,0.736069999361,0.733299997836,0.554439229278,0.75074760519
50%,0.779680001259,0.746700000107,0.611777913105,0.765657097578
75%,0.801070002699,0.752499999672,0.743849462774,0.781496328741
max,0.819480002141,0.761999998927,1.64710003648,1.32483119297
