,acc,val_acc,loss,val_loss
count,87.0,87.0,87.0,87.0
mean,0.745630574724,0.685198850571,0.734481516137,0.94888919194
std,0.120179701435,0.0722508543847,0.314211887197,0.16146402723
min,0.182740000176,0.342899998188,0.428416918135,0.844723216534
25%,0.706149999952,0.685999997139,0.514348070645,0.869593676805
50%,0.783120001793,0.715699999332,0.634381594372,0.88810240221
75%,0.827419999075,0.724050000668,0.848986666632,0.935213618755
max,0.858099999237,0.731199999809,2.15749386711,1.79586212635
