,acc,val_acc,loss,val_loss
count,196.0,196.0,196.0,196.0
mean,0.482316836735,0.504915306122,1.65481146668,1.60148893992
std,0.0533802660953,0.0397154425873,0.182899499835,0.136153680444
min,0.18558,0.2927,1.46832557869,1.48940235806
25%,0.46043,0.4949,1.52332599177,1.51285650492
50%,0.49944,0.5199,1.5985301053,1.55077138233
75%,0.520845,0.53085,1.73264817324,1.63750881267
max,0.53622,0.5389,2.6392021595,2.32839157867
