,acc,val_acc,loss,val_loss
count,101.0,101.0,101.0,101.0
mean,0.494746138614,0.459714851485,1.59851380665,1.74481874769
std,0.0949698396647,0.0594251266488,0.309967256892,0.176952804073
min,0.10202,0.1624,1.2694425663,1.62633275032
25%,0.45786,0.4539,1.37011563568,1.65274074936
50%,0.523,0.4844,1.5086839901,1.67225633812
75%,0.5637,0.4935,1.728899753,1.75052145863
max,0.59358,0.5023,2.84234913902,2.6349411602
