,acc,val_acc,loss,val_loss
count,64.0,64.0,64.0,64.0
mean,0.72605656344,0.658457810309,0.795194391896,1.0206470872
std,0.112500565108,0.0729855114958,0.290672722603,0.172334879118
min,0.23232000338,0.333800003558,0.508455582809,0.862980952621
25%,0.687324996769,0.640424997166,0.58954840726,0.919691917539
50%,0.76054000107,0.675549997687,0.708234549648,0.958945596397
75%,0.802770002937,0.709399996012,0.904638711965,1.07032654157
max,0.833080002093,0.724299997449,2.02206279354,1.79656722045
