,acc,val_acc,loss,val_loss
count,79.0,79.0,79.0,79.0
mean,0.768756710535,0.719841770973,0.645031230059,0.846353443614
std,0.0733923123088,0.0475817720249,0.210573578985,0.122518511995
min,0.378420000513,0.486599999309,0.474398586261,0.75877278769
25%,0.755080000281,0.721599995971,0.514023809391,0.787960479319
50%,0.793840003276,0.734900003076,0.571863232148,0.804166476846
75%,0.814500002372,0.744750000894,0.688317436475,0.832848491669
max,0.827020002127,0.753799998403,1.72169627161,1.46016509271
