,acc,val_acc,loss,val_loss
count,206.0,206.0,206.0,206.0
mean,0.722233009718,0.719189805827,0.794954318137,0.810809249521
std,0.0702082447629,0.0487503149124,0.187769362349,0.129238020759
min,0.259679999828,0.411000001431,0.629498407078,0.717869248867
25%,0.704624999237,0.713699999809,0.671443836403,0.736311438799
50%,0.745059999084,0.736700001955,0.734521945429,0.76377681613
75%,0.767454999948,0.746400000095,0.849602623796,0.829124484301
max,0.781839999104,0.753699996948,1.97684319954,1.61705679703
