,acc,val_acc,loss,val_loss
count,121.0,121.0,121.0,121.0
mean,0.762064297493,0.740922313972,0.692493318859,0.788821100978
std,0.0746862365886,0.0451055272267,0.202876819133,0.110131837827
min,0.332059999329,0.476800000906,0.553604858351,0.71964545393
25%,0.749839999771,0.739900001526,0.575087314177,0.734810319901
50%,0.792480000877,0.758099997997,0.609603970861,0.752495926619
75%,0.806299999714,0.764199998856,0.717238285971,0.778830777168
max,0.814899999809,0.772500000954,1.83800555267,1.45618654919
