,acc,val_acc,loss,val_loss
count,398.0,398.0,398.0,398.0
mean,0.223117889466,0.275102512263,3.2077675504,3.01458371711
std,0.093123276688,0.103293413335,0.555512496529,0.589867231271
min,0.00961999996379,0.00830000005662,2.54319750023,2.37912983418
25%,0.160084999368,0.213100000024,2.75718115258,2.54315087914
50%,0.245040000528,0.307799999714,3.0538242178,2.82237776279
75%,0.30071499759,0.360424998552,3.53610781646,3.3299987781
max,0.343620004177,0.392900009155,4.60855301285,4.60468069077
