,acc,val_acc,loss,val_loss
count,48.0,48.0,48.0,48.0
mean,0.698154583397,0.710179166832,0.899310951002,0.87638445075
std,0.0633346005394,0.040331429834,0.157988986989,0.099659243347
min,0.39446000123,0.52230000174,0.808977678072,0.803666650534
25%,0.697194999623,0.708474999413,0.825676034132,0.825726752214
50%,0.72192999984,0.725600000411,0.838344845396,0.842374216318
75%,0.729629999781,0.730724999815,0.890900857146,0.875867163748
max,0.736719999623,0.742400000453,1.66166160438,1.34419449222
