,acc,val_acc,loss,val_loss
count,328.0,328.0,328.0,328.0
mean,0.268966646286,0.319025609871,2.97745427065,2.80818516307
std,0.0998316515361,0.100747530705,0.570852775664,0.568938435468
min,0.0100999999605,0.0125,2.34231523037,2.27225079536
25%,0.212500000149,0.276849999279,2.52899251819,2.38304113746
50%,0.297369999886,0.354100002348,2.80218227386,2.59255275726
75%,0.350625001788,0.395624998957,3.25773104072,3.03935818672
max,0.385620000362,0.418099996448,4.60929275513,4.60053749084
