,acc,val_acc,loss,val_loss
count,181.0,181.0,181.0,181.0
mean,0.731873260284,0.733879558004,0.765914231671,0.771361949133
std,0.0514347870231,0.0339529456911,0.144558908703,0.0914630485743
min,0.408920001252,0.53230000186,0.6302740399,0.700995851874
25%,0.71653999995,0.72630000037,0.667081524718,0.713827595323
50%,0.747480000651,0.746000000536,0.722632339811,0.739573129714
75%,0.765620002103,0.75580000025,0.81389281466,0.791306213021
max,0.778680001497,0.760699999392,1.6215515692,1.32566396284
