,acc,val_acc,loss,val_loss
count,243.0,243.0,243.0,243.0
mean,0.720488970634,0.726716459991,0.798640254167,0.79628114944
std,0.0596143861449,0.0406334926178,0.166003774468,0.111358184847
min,0.304540001859,0.460299998224,0.657313956022,0.72034053421
25%,0.707819996083,0.722099998832,0.692603287017,0.734113330007
50%,0.739699999499,0.740699999213,0.744719860148,0.755904815435
75%,0.757550001609,0.750150001466,0.839523691738,0.807060237169
max,0.769600002909,0.755800000548,1.91138153868,1.51385230255
