,acc,val_acc,loss,val_loss
count,457.0,457.0,457.0,457.0
mean,0.254604069991,0.30219474812,3.02717983377,2.84864843273
std,0.100982973689,0.103900755468,0.588737073784,0.596609468527
min,0.0101800000854,0.0141000002623,2.36091438293,2.27598488331
25%,0.189240000248,0.247800004482,2.55313136101,2.3912207365
50%,0.28334000051,0.341099998355,2.84306519032,2.60815868378
75%,0.339340001941,0.383799999952,3.36493284225,3.13387410641
max,0.377820003629,0.408000001311,4.60823548317,4.60340175629
