,acc,val_acc,loss,val_loss
count,122.0,122.0,122.0,122.0
mean,0.782487213112,0.69826721335,0.638012092198,0.952567738273
std,0.101703379051,0.048891033419,0.269843648822,0.107090041466
min,0.243839999592,0.396500000238,0.37483344543,0.862358846903
25%,0.75096000011,0.701400001526,0.450559947389,0.883082138121
50%,0.813600000048,0.716100001097,0.556671244204,0.925836934566
75%,0.850765000296,0.71994999969,0.732505186534,0.995679516077
max,0.877639999962,0.722999999523,1.9819847744,1.61901702785
