,acc,val_acc,loss,val_loss
count,75.0,75.0,75.0,75.0
mean,0.771290401809,0.725674665912,0.639593864846,0.834406879294
std,0.0763297991119,0.0465039931467,0.218629794293,0.112182009152
min,0.381579999292,0.503500003457,0.461565239048,0.742011482477
25%,0.757150001574,0.721199998319,0.501617235243,0.769973955423
50%,0.795700002527,0.743499998808,0.565358339524,0.790032118201
75%,0.818700002277,0.75390000093,0.685425106573,0.855614461839
max,0.831600001478,0.762999999762,1.70641752257,1.37290540242
