,index,acc,loss,val_acc,val_loss
count,182.0,182.0,182.0,182.0,182.0
mean,90.5,0.794505604396,0.573704430568,0.742955494505,0.808611134541
std,52.6830143405,0.0548905879223,0.156894988404,0.0217231054913,0.0499023115075
min,0.0,0.4115,0.455846131635,0.5671,0.752653486967
25%,45.25,0.782085,0.481008650696,0.743475,0.78166119051
50%,90.5,0.81273,0.519382273543,0.7484,0.801574540257
75%,135.75,0.82711,0.60386720345,0.7524,0.822111104786
max,181.0,0.8366,1.63120418701,0.7574,1.21443352222
