,acc,val_acc,loss,val_loss
count,81.0,81.0,81.0,81.0
mean,0.747404443565,0.688548149665,0.731109234499,0.93608061435
std,0.106147775559,0.057479724026,0.277896731251,0.12332944154
min,0.257660000365,0.401099998355,0.454822584689,0.85493925631
25%,0.711720001698,0.682200000286,0.536182055533,0.876487167478
50%,0.779039998651,0.713500002027,0.647986579657,0.895098824501
75%,0.819519998431,0.71990000248,0.832548112392,0.930358093381
max,0.849019999027,0.726100003719,1.96154334974,1.60389275789
