,index,acc,loss,val_acc,val_loss
count,142.0,142.0,142.0,142.0,142.0
mean,70.5,0.365377183099,2.39443045581,0.390835211268,2.41602671473
std,41.1359534552,0.0509289319099,0.285334007954,0.0302245595435,0.155848830458
min,0.0,0.07254,2.17326184797,0.1831,2.33565418959
25%,35.25,0.357005,2.22170964611,0.39225,2.35530292958
50%,70.5,0.38261,2.29759247923,0.3996,2.37090891659
75%,105.75,0.39692,2.44108882695,0.4039,2.39924906135
max,141.0,0.40822,4.12751273298,0.4129,3.51231102467
