,acc,val_acc,loss,val_loss
count,186.0,186.0,186.0,186.0
mean,0.460370967742,0.481071505376,1.71992084694,1.66072961929
std,0.0555307260856,0.0442752068366,0.185410736759,0.151026072916
min,0.15346,0.2372,1.54786605148,1.53871080208
25%,0.44384,0.470425,1.5918505506,1.56394818211
50%,0.47918,0.49695,1.65809704704,1.60542795658
75%,0.497045,0.50935,1.77857938862,1.69299442387
max,0.5129,0.5189,2.70835943184,2.46437085724
