,acc,val_acc,loss,val_loss
count,58.0,58.0,58.0,58.0
mean,0.711025172773,0.709517241625,0.814497161999,0.842772988401
std,0.0645964148042,0.0360299784275,0.182875368469,0.0959994595134
min,0.411120001592,0.536500001848,0.65250521228,0.775003117859
25%,0.697100000319,0.704899999723,0.692971177029,0.791004665345
50%,0.732420000196,0.724499999702,0.756495896509,0.80114895983
75%,0.751800000417,0.730125000104,0.861616743395,0.857540740162
max,0.765460001206,0.738800000072,1.61705300574,1.32105560684
