,acc,val_acc,loss,val_loss
count,192.0,192.0,192.0,192.0
mean,0.716596561753,0.718441665479,0.812827819142,0.815277433168
std,0.0583413354011,0.0541327275611,0.16364038352,0.151416340035
min,0.341160000491,0.334800001293,0.662147740328,0.706780435085
25%,0.699909995753,0.714299993366,0.700748565125,0.729332469046
50%,0.734279997301,0.736649998546,0.763608654225,0.766595379651
75%,0.755240002036,0.748400002122,0.866385491514,0.832495926201
max,0.768920002341,0.757000000954,1.82297237167,1.85955844522
