,acc,val_acc,loss,val_loss
count,163.0,163.0,163.0,163.0
mean,0.70158282071,0.706541102636,0.851905975129,0.847371342069
std,0.0595998151553,0.047710930515,0.164832904115,0.135317770687
min,0.344239999677,0.420499998033,0.699243596268,0.733627546072
25%,0.682999996543,0.692299996912,0.738856841457,0.761344641984
50%,0.721379996777,0.724699997544,0.796387284088,0.795082803607
75%,0.741379999304,0.736249997735,0.906667568433,0.890117763221
max,0.756060000062,0.746800002694,1.80661380482,1.70044111013
