,acc,val_acc,loss,val_loss
count,77.0,77.0,77.0,77.0
mean,0.746582857806,0.723515583466,0.712799503193,0.825274195633
std,0.0614226980786,0.0302473182031,0.174539051093,0.0734544252289
min,0.416479999675,0.555500001132,0.575807329142,0.767592781961
25%,0.737080000043,0.720299998879,0.605757217026,0.790771899462
50%,0.766160002208,0.733799998045,0.65304697727,0.804037273049
75%,0.783300001907,0.737799997687,0.744956214464,0.828400345445
max,0.794580002069,0.745399998426,1.6139467062,1.24645538664
