,acc,val_acc,loss,val_loss
count,338.0,338.0,338.0,338.0
mean,0.734420946619,0.737045561678,0.757925834464,0.760469214728
std,0.0520035677055,0.0321437156325,0.146209994595,0.0901577077506
min,0.379319999191,0.504999997139,0.611493950534,0.692478492498
25%,0.717350000399,0.731599999368,0.652498115504,0.705806045979
50%,0.749099999762,0.746700001001,0.716081439042,0.731005891502
75%,0.77058999998,0.756849998176,0.810288141805,0.776371479392
max,0.784979999733,0.763099998713,1.6929080821,1.38992604971
