,acc,val_acc,loss,val_loss
count,124.0,124.0,124.0,124.0
mean,0.753423872478,0.728658064281,0.700717573315,0.802911265025
std,0.0891143258925,0.0529003748198,0.251309056378,0.138717783078
min,0.284920002599,0.441399996042,0.475991264832,0.705275413752
25%,0.723804997241,0.72087499705,0.526753350276,0.733235104531
50%,0.782410002816,0.749700000525,0.618716805983,0.747533854425
75%,0.813055003202,0.757774998754,0.790660031098,0.811662269235
max,0.83194000237,0.766400002956,1.96580804615,1.58641668844
