,acc,val_acc,loss,val_loss
count,204.0,204.0,204.0,204.0
mean,0.283871568626,0.345272058156,2.87700637237,2.66425957708
std,0.0579441100201,0.0591226898812,0.324604407575,0.316377725332
min,0.0171400001273,0.0261000002921,2.59045119286,2.41644470215
25%,0.266324998856,0.333899997473,2.66526368856,2.47208806992
50%,0.303180000067,0.365299996138,2.77610998917,2.55341044426
75%,0.322585000038,0.381125003994,2.96228163862,2.72582520962
max,0.339520000458,0.393000005484,4.58464297104,4.37442762375
