,index,acc,loss,val_acc,val_loss
count,134.0,134.0,134.0,134.0,134.0
mean,66.5,0.752389552239,0.699724560025,0.719165671642,0.853013524975
std,38.8265373166,0.0505242277752,0.142992206505,0.0231047991775,0.0557620519101
min,0.0,0.42588,0.592110380208,0.5657,0.809100129843
25%,33.25,0.741375,0.614512191182,0.71945,0.826122614026
50%,66.5,0.77039,0.646659819198,0.7251,0.841683759332
75%,99.75,0.782105,0.730714820099,0.7281,0.860929772407
max,133.0,0.79172,1.58681745768,0.7361,1.23822693777
