,acc,val_acc,loss,val_loss
count,174.0,174.0,174.0,174.0
mean,0.720941149845,0.72975747171,0.796462184904,0.78020105152
std,0.053068125428,0.0344220781968,0.148430533132,0.0959493683697
min,0.406320001511,0.518400001734,0.65676499843,0.707855010211
25%,0.70279499978,0.724725000471,0.694874277259,0.721709104069
50%,0.738250000542,0.74260000062,0.747842965043,0.744914613917
75%,0.756180000931,0.749275001228,0.851156759089,0.797554596961
max,0.769680001354,0.755900000513,1.63194001403,1.33770888793
