,index,acc,loss,val_acc,val_loss
count,198.0,198.0,198.0,198.0,198.0
mean,98.5,0.439647676768,2.04503457746,0.410168686869,2.33010862314
std,57.3018324314,0.0775395955812,0.414739210027,0.0440655514162,0.222810446512
min,0.0,0.04184,1.69612672377,0.1302,2.20960873127
25%,49.25,0.41783,1.77633457994,0.4121,2.2394269079
50%,98.5,0.46601,1.89891800833,0.4256,2.25994726896
75%,147.75,0.491275,2.14785499501,0.430275,2.29803118706
max,197.0,0.50974,4.3558439827,0.4416,3.89542382717
