,acc,val_acc,loss,val_loss
count,60.0,60.0,60.0,60.0
mean,0.755393668407,0.731211666094,0.683599369106,0.804995709848
std,0.0812159516244,0.0396092106172,0.232921987039,0.101838763614
min,0.36586000035,0.527499999702,0.48886476289,0.747411299109
25%,0.73750499869,0.731600000143,0.538312626725,0.760205272824
50%,0.783640003359,0.744150000215,0.601925256073,0.769653380573
75%,0.804825002408,0.750899999857,0.74038480536,0.794285028607
max,0.821980004644,0.758599996448,1.75351645665,1.34195228386
