,acc,val_acc,loss,val_loss
count,219.0,219.0,219.0,219.0
mean,0.309618447297,0.350568036737,2.75858700514,2.64079968692
std,0.103890387838,0.0965799033805,0.584104086837,0.535366225768
min,0.011359999992,0.0167999999598,2.13163194847,2.18431693077
25%,0.254799998641,0.322200005054,2.31756944656,2.27334389687
50%,0.341920000792,0.387499998808,2.57310381889,2.43658383369
75%,0.390939998984,0.41874999702,3.02248437977,2.78973115921
max,0.426239999056,0.438299999237,4.60584622574,4.59793733597
