,acc,val_acc,loss,val_loss
count,216.0,216.0,216.0,216.0
mean,0.727069815234,0.730369444745,0.779245900128,0.775189532326
std,0.0495099216079,0.0316836853191,0.139941706117,0.0891732263527
min,0.408460006428,0.53520000603,0.640912864238,0.706488052949
25%,0.710955001026,0.721275001276,0.683024466691,0.721392760383
50%,0.742840000097,0.741699999802,0.733641306994,0.741949857004
75%,0.760104999192,0.749924999435,0.827791268329,0.797548566569
max,0.774079998264,0.755999998704,1.61889646068,1.3090246219
