,acc,val_acc,loss,val_loss
count,913.0,913.0,913.0,913.0
mean,0.170460197104,0.22234939748,3.5292296695,3.34734284007
std,0.0761832193824,0.0899421487321,0.47326897641,0.529230015608
min,0.00915999992378,0.0139999999851,2.95031226349,2.73359242439
25%,0.113640000165,0.163000001907,3.13413465691,2.90806794643
50%,0.189419999361,0.249700001776,3.39164288139,3.1807224226
75%,0.236419999897,0.297200000882,3.84211011028,3.68384311676
max,0.270940000772,0.33129999876,4.61689936066,4.60741036415
