,acc,val_acc,loss,val_loss
count,469.0,469.0,469.0,469.0
mean,0.265567249373,0.309469935963,2.96141617506,2.79814944704
std,0.101874313446,0.101297713063,0.592504259883,0.590503007531
min,0.011260000091,0.0138999998942,2.30231546021,2.24539072037
25%,0.201739999533,0.260600001812,2.49801625824,2.35900953293
50%,0.297580001354,0.348300002813,2.76497634315,2.5574097538
75%,0.348340000629,0.385400004387,3.28345658302,3.05433244705
max,0.386119997025,0.410399999619,4.60653953934,4.60329179764
