,acc,val_acc,loss,val_loss
count,57.0,57.0,57.0,57.0
mean,0.750013683221,0.729110526547,0.70033323401,0.800042977077
std,0.0739781676092,0.0385799852777,0.2106924085,0.0967700802289
min,0.396099997938,0.552099998891,0.521736139774,0.742487969697
25%,0.7369799999,0.728200002909,0.561975704014,0.760288639665
50%,0.77603999877,0.74160000205,0.627174389243,0.767147681117
75%,0.796299998283,0.747799999118,0.745579871416,0.785517282486
max,0.811379998565,0.754799999595,1.66468705297,1.24725657105
