,index,acc,loss,val_acc,val_loss
count,130.0,130.0,130.0,130.0,130.0
mean,64.5,0.783980615385,0.602700192886,0.740853846154,0.792576064497
std,37.6718285549,0.0650924634625,0.185481934932,0.0294585457096,0.0704797021814
min,0.0,0.37962,0.462481905311,0.5258,0.738678874075
25%,32.25,0.77411,0.492480050623,0.743725,0.762656187117
50%,64.5,0.80635,0.536191380858,0.74865,0.778626528978
75%,96.75,0.822095,0.630512881666,0.7527,0.793885415047
max,129.0,0.83372,1.70577740717,0.7603,1.34007889748
