,acc,val_acc,loss,val_loss
count,152.0,152.0,152.0,152.0
mean,0.698731052509,0.715021710655,0.860402009817,0.828358004721
std,0.0603004110173,0.0447164162887,0.166973042973,0.126101044263
min,0.323260000432,0.439700000525,0.704996646023,0.732971385002
25%,0.682129999208,0.709100001574,0.750314565408,0.75493057096
50%,0.717939998055,0.732100003242,0.806773750353,0.784402856112
75%,0.738024999905,0.740074999332,0.910492080283,0.848082003951
max,0.753200000477,0.747100000381,1.87646842728,1.61856643391
