,acc,val_acc,loss,val_loss
count,91.0,91.0,91.0,91.0
mean,0.781930549769,0.699046153949,0.633426570705,0.941154680997
std,0.0995357510547,0.0456590777927,0.265431174963,0.0966049196706
min,0.301620002045,0.43320000115,0.364883256479,0.858741729438
25%,0.747260000902,0.699699999332,0.442950135823,0.88206202355
50%,0.813280000901,0.718000000119,0.55526657418,0.915568802714
75%,0.851369999444,0.721300000191,0.737784643081,0.976998761281
max,0.878859998059,0.724299999893,1.83882238994,1.51077986741
