,acc,val_acc,loss,val_loss
count,217.0,217.0,217.0,217.0
mean,0.730747557522,0.721023962976,0.76849400631,0.801377484864
std,0.0675453713238,0.0472633546488,0.1817192725,0.126335403211
min,0.242319999433,0.351499999046,0.607060856533,0.720208417892
25%,0.715640000153,0.716199996948,0.653422745705,0.734448504925
50%,0.752440000153,0.737700000763,0.711898155308,0.754596071243
75%,0.773020001984,0.746699999332,0.817038059807,0.813333665848
max,0.788400000763,0.752699999809,2.02387501183,1.77411395741
