,acc,val_acc,loss,val_loss
count,92.0,92.0,92.0,92.0
mean,0.747419131465,0.725899999295,0.734850401615,0.826438156717
std,0.0764601635994,0.051218184548,0.206110534121,0.127121922224
min,0.347620001031,0.448899998784,0.595211635625,0.723456163287
25%,0.735854999352,0.718924999475,0.611790296546,0.762170721397
50%,0.778030000973,0.74319999665,0.644843554854,0.785416534215
75%,0.793425002247,0.75612500003,0.766406006935,0.829972686589
max,0.800840002441,0.764499999881,1.7878757369,1.55184492636
