,acc,val_acc,loss,val_loss
count,1000.0,1000.0,1000.0,1000.0
mean,0.169957899931,0.221814399875,3.53337227643,3.35080818981
std,0.0773559814687,0.0919192486275,0.482416195711,0.538977022714
min,0.00929999999795,0.00689999990165,2.92710463715,2.71095848083
25%,0.11035999959,0.162474999279,3.12609302831,2.90028672576
50%,0.188019999295,0.247049998939,3.4043821497,3.18835911274
75%,0.237249999434,0.299049996883,3.86698469639,3.70647568941
max,0.274799998581,0.338999996185,4.61397803497,4.60732838631
