,index,acc,loss,val_acc,val_loss
count,703.0,703.0,703.0,703.0,703.0
mean,351.0,0.363128819346,2.45791754927,0.4084685633,2.34277651482
std,203.082905895,0.0506931568475,0.266703886286,0.0398917876583,0.206569358218
min,0.0,0.03322,2.20363016129,0.0791,2.18471191883
25%,175.5,0.34324,2.27337286568,0.401,2.21787435532
50%,351.0,0.37986,2.37228422928,0.4231,2.27100627899
75%,526.5,0.39951,2.55548597813,0.4319,2.38477729321
max,702.0,0.41358,4.41550644302,0.4388,4.13640794754
