,acc,val_acc,loss,val_loss
count,71.0,71.0,71.0,71.0
mean,0.746007042215,0.731866197667,0.712196501564,0.78487087282
std,0.080411940138,0.0441452108781,0.228496481248,0.118989611621
min,0.374659999299,0.517400002956,0.499803223324,0.714438705444
25%,0.721910000324,0.729149998903,0.55438015902,0.727073453665
50%,0.773620001221,0.746099997044,0.635508554935,0.741098233223
75%,0.799729999685,0.755600001097,0.792172914124,0.780770695448
max,0.818780001831,0.762500000954,1.70900933018,1.37904863071
