,acc,val_acc,loss,val_loss
count,76.0,76.0,76.0,76.0
mean,0.745950000939,0.688424999885,0.73995828798,0.937589030971
std,0.100471199329,0.0500096124926,0.258564046538,0.106917220953
min,0.285640002267,0.435400000751,0.485356070773,0.868423103094
25%,0.714094999546,0.686624999285,0.555949879466,0.884832375616
50%,0.778110000986,0.708400000066,0.658650973642,0.902664241195
75%,0.814750001377,0.715124999672,0.837643217289,0.932965127565
max,0.839200000429,0.719100000739,1.84385372992,1.52132771039
