,acc,val_acc,loss,val_loss
count,180.0,180.0,180.0,180.0
mean,0.697253554563,0.719265554861,0.867100390914,0.823425690961
std,0.0519163763631,0.0384663798714,0.142404106977,0.106600527262
min,0.374199999675,0.516899999261,0.734345082235,0.738862828434
25%,0.683319999182,0.712649999231,0.773719081217,0.759214752734
50%,0.714729998875,0.733599999428,0.820172841251,0.783700140387
75%,0.730654999191,0.741600000083,0.910144441152,0.842985039473
max,0.743140000367,0.748799999952,1.71319155178,1.39043821502
