,acc,val_acc,loss,val_loss
count,291.0,291.0,291.0,291.0
mean,0.269528316121,0.320210309242,2.91995027527,2.71589050563
std,0.0551002707065,0.0567682513995,0.307691350905,0.312868351688
min,0.0177400000207,0.0335000004619,2.65130358696,2.45461192131
25%,0.25411999926,0.304600000381,2.71847903013,2.51818927526
50%,0.288339999914,0.337299999595,2.81477123737,2.61026332378
75%,0.306399999857,0.355400000513,2.99899284363,2.78160424232
max,0.320620001554,0.373299995065,4.52582653999,4.39921889305
