,acc,val_acc,loss,val_loss
count,75.0,75.0,75.0,75.0
mean,0.752519999902,0.732779999908,0.694529937992,0.798016460247
std,0.0691080400255,0.0321024963986,0.197327459509,0.080836460797
min,0.41015999894,0.561999998689,0.522338593757,0.746764069676
25%,0.73292999965,0.729600000381,0.563385914266,0.759831783414
50%,0.774760000372,0.743599999666,0.627160395324,0.774953157544
75%,0.796920000076,0.749149999619,0.75494377749,0.794410367906
max,0.811380000401,0.75639999795,1.61430888305,1.24357367015
