,acc,val_acc,loss,val_loss
count,83.0,83.0,83.0,83.0
mean,0.73713180843,0.705534938664,0.750051793708,0.864104150002
std,0.0916771654566,0.062574818295,0.254611423994,0.162018657866
min,0.304700001732,0.401499998271,0.513350818431,0.716330158949
25%,0.709029997265,0.689749995351,0.572489541125,0.769914451659
50%,0.766900001216,0.730200002432,0.666553978801,0.807815845966
75%,0.799050004637,0.741999999642,0.83823255527,0.896327939153
max,0.819700005078,0.758899998665,1.90591434584,1.66190746331
