,acc,val_acc,loss,val_loss
count,99.0,99.0,99.0,99.0
mean,0.775792323269,0.74186161607,0.625806141774,0.776869018649
std,0.0727151517502,0.0344999429162,0.207766902513,0.0854732905466
min,0.387839999205,0.533400000334,0.455515268421,0.719822506905
25%,0.759330000687,0.744449998379,0.492149907231,0.742105708718
50%,0.800160000229,0.754300002098,0.552574335241,0.752229102612
75%,0.820440000153,0.757900000095,0.675919376254,0.767856698513
max,0.834959999943,0.762699999332,1.67275468273,1.30921502495
