,acc,val_acc,loss,val_loss
count,988.0,988.0,988.0,988.0
mean,0.171119837881,0.223274696411,3.52904679937,3.33927523561
std,0.0776358817259,0.0921508496331,0.485375392429,0.545963268982
min,0.00973999997601,0.00859999999404,2.92467591095,2.70109219551
25%,0.112760000199,0.162075001895,3.12030527735,2.88365336418
50%,0.189559999883,0.25215000093,3.39551138592,3.17258400917
75%,0.237669999599,0.298050000668,3.85222751951,3.68352352858
max,0.276600000143,0.336900004148,4.61329047394,4.6069701004
