,acc,val_acc,loss,val_loss
count,48.0,48.0,48.0,48.0
mean,0.703001666478,0.709643749808,0.841057708294,0.849367594987
std,0.0576138482914,0.0301500920625,0.162243884084,0.0759247335813
min,0.43381999854,0.589699999571,0.70595361948,0.794218094707
25%,0.690975000143,0.705875000566,0.736059267843,0.810723665684
50%,0.72100000025,0.719050000787,0.788038870025,0.822428316176
75%,0.737959999764,0.725999999046,0.880865522462,0.85792187804
max,0.750260000038,0.733199998379,1.5681797586,1.16253924632
