,acc,val_acc,loss,val_loss
count,68.0,68.0,68.0,68.0
mean,0.753937648682,0.71248382171,0.687197643729,0.854983820468
std,0.0722881991762,0.0529401925796,0.208440150032,0.141527134558
min,0.388159999703,0.490499997139,0.509527425325,0.755498222947
25%,0.738244999164,0.706399995565,0.555503345993,0.778779502034
50%,0.778510002196,0.732849997997,0.616654335338,0.800230636716
75%,0.798370004195,0.744124996692,0.733936860541,0.854856075138
max,0.816180002189,0.752900000453,1.69877346163,1.41901227713
