,acc,val_acc,loss,val_loss
count,317.0,317.0,317.0,317.0
mean,0.304936466785,0.365353628009,2.7595950522,2.55464841088
std,0.0481101328153,0.0468480783888,0.265198771005,0.247949456059
min,0.0265800002739,0.0565000000596,2.52423495483,2.35474227905
25%,0.290919998884,0.353900001049,2.58882585144,2.40157426834
50%,0.32038000083,0.382500003576,2.67392019081,2.47013327599
75%,0.336760000467,0.39430000186,2.83694519806,2.61309430122
max,0.349999999523,0.403599997759,4.471135952,4.24392416
