,acc,val_acc,loss,val_loss
count,960.0,960.0,960.0,960.0
mean,0.124021104205,0.169719895793,3.78475578888,3.62239923943
std,0.0633203949588,0.0800256720849,0.439698904071,0.505362874718
min,0.00963999996614,0.0102999999374,3.19789274788,2.96962141991
25%,0.0715650000721,0.1117249991,3.40418307829,3.19117246866
50%,0.134959999904,0.186199999154,3.67851138449,3.48990799904
75%,0.179350000605,0.239549999386,4.11787672138,3.97772409916
max,0.216859999537,0.279799997807,4.60936440849,4.60539110184
