,acc,val_acc,loss,val_loss
count,108.0,108.0,108.0,108.0
mean,0.755592038451,0.713578702853,0.697005133191,0.848277557907
std,0.0876717432335,0.0572123707062,0.245436359964,0.14699526253
min,0.302860002294,0.449699999869,0.482302459002,0.717872117162
25%,0.730414997023,0.695574994743,0.526860838914,0.755454661906
50%,0.785230003095,0.73375000149,0.611970975643,0.793627726018
75%,0.815320003587,0.751399999499,0.779259641433,0.884141788721
max,0.831260003042,0.764100004911,1.91654678912,1.53314298272
