,acc,val_acc,loss,val_loss
count,118.0,118.0,118.0,118.0
mean,0.295141525622,0.337725423249,2.79156038652,2.64750473794
std,0.104801670331,0.0997392690742,0.596110340994,0.555028103241
min,0.0106999997608,0.0175999996252,2.1643963356,2.20665712595
25%,0.238544999979,0.301050001718,2.33320929062,2.26497885108
50%,0.328170001,0.381049999446,2.58815508246,2.40277313709
75%,0.377075000025,0.408749998137,3.06368219125,2.81201106489
max,0.410519997895,0.425099999011,4.60242800331,4.59242632866
