,acc,val_acc,loss,val_loss
count,85.0,85.0,85.0,85.0
mean,0.781612000765,0.698898822338,0.639004550987,0.947802345485
std,0.103910273344,0.0539351185261,0.275532842525,0.118855014199
min,0.28354000214,0.424999998391,0.362165622026,0.844450668693
25%,0.743860000205,0.698600000381,0.440645226973,0.877189818382
50%,0.813000001812,0.721800000429,0.556963466883,0.912820022881
75%,0.855000000119,0.725499998331,0.747471979046,0.979996040225
max,0.880999999928,0.730099999189,1.8843617681,1.55151391912
