,acc,val_acc,loss,val_loss
count,74.0,74.0,74.0,74.0
mean,0.728422972838,0.722947297291,0.760357815352,0.811785352486
std,0.0665246912078,0.0364478849272,0.188792161029,0.0953053331213
min,0.393039998436,0.525299996257,0.594861375082,0.74475639534
25%,0.712165000159,0.719524998218,0.638062912926,0.762873447388
50%,0.750090000391,0.734700000465,0.693454135776,0.775614543319
75%,0.771225000143,0.742475000352,0.816011944062,0.817526648015
max,0.784919999695,0.749699998856,1.6533209096,1.31635913396
