,acc,val_acc,loss,val_loss
count,82.0,82.0,82.0,82.0
mean,0.735999268135,0.725765853835,0.741100779308,0.804303592291
std,0.0637537626355,0.0316090792394,0.182560988608,0.0818434110428
min,0.408759998487,0.549899998665,0.571784997272,0.752028564453
25%,0.719094999963,0.724674999952,0.620083821285,0.764423699826
50%,0.755119998872,0.736400001049,0.686623358989,0.779561797708
75%,0.776830000043,0.742150000811,0.796755823475,0.798775160521
max,0.794060000658,0.748999998093,1.62197034316,1.27032511806
