,acc,val_acc,loss,val_loss
count,75.0,75.0,75.0,75.0
mean,0.749975467951,0.729277332993,0.699439007067,0.797358456195
std,0.0781497407932,0.0428407882168,0.223556491052,0.111577719545
min,0.378979999495,0.517500003457,0.495353842151,0.720711474776
25%,0.725499997699,0.729599998653,0.543266986942,0.742952944845
50%,0.774920001531,0.745200001121,0.62401131202,0.757399781108
75%,0.802590003085,0.752500000119,0.777942923343,0.785766081691
max,0.820040002847,0.760599998832,1.69454788208,1.35954236722
