,acc,val_acc,loss,val_loss
count,67.0,67.0,67.0,67.0
mean,0.730415522246,0.727062686381,0.795713217771,0.820557817875
std,0.0726643281189,0.0442515600874,0.189599550388,0.111616755414
min,0.373339998873,0.521199998975,0.669235773075,0.7393386724
25%,0.7227200001,0.717899999619,0.691488151848,0.7603052122
50%,0.760119999599,0.744400001049,0.716220137715,0.77833540535
75%,0.772340000057,0.751599999428,0.811178307712,0.829844835222
max,0.781240000296,0.759799998999,1.71966198778,1.36007389641
