,acc,val_acc,loss,val_loss
count,871.0,871.0,871.0,871.0
mean,0.131217106796,0.176127899009,3.77005887699,3.60913725769
std,0.0644530390129,0.0796960728808,0.420418135476,0.478577961368
min,0.00914000008255,0.00850000017323,3.20843031788,2.99357917786
25%,0.0795799999684,0.119449999779,3.4046158824,3.19784450054
50%,0.142520000637,0.190400001407,3.68279586697,3.49636074066
75%,0.18809000057,0.245099999458,4.07363424969,3.93147648096
max,0.223720000088,0.283700000644,4.61714992332,4.60696329117
