,acc,val_acc,loss,val_loss
count,101.0,101.0,101.0,101.0
mean,0.775680594106,0.69257326729,0.648567244199,0.968790378859
std,0.11547917415,0.0622779330388,0.307185246288,0.135339154531
min,0.21123999927,0.341900002241,0.350946456909,0.858789167881
25%,0.736340000439,0.692899999619,0.434828054714,0.891193313122
50%,0.813160000801,0.717699996948,0.55316328783,0.935738142967
75%,0.854780000496,0.723200002193,0.758742481136,1.00286986732
max,0.883239999771,0.728199999809,2.08150884171,1.79282485867
