,acc,val_acc,loss,val_loss
count,73.0,73.0,73.0,73.0
mean,0.76091260359,0.68367808096,0.694416346432,0.963900610786
std,0.104313122098,0.0549217300858,0.272664836752,0.120290585527
min,0.272840002306,0.441899997652,0.421080863523,0.87054769206
25%,0.726139998746,0.688899997473,0.503909751683,0.898311593533
50%,0.792860001826,0.705999996901,0.613327432311,0.924110364318
75%,0.831900002599,0.712799998522,0.797729077685,0.979331776023
max,0.860760000753,0.71710000062,1.89939374585,1.50759409547
