,acc,val_acc,loss,val_loss
count,102.0,102.0,102.0,102.0
mean,0.760960980326,0.736970587983,0.671319334675,0.787475616267
std,0.0680732488013,0.0333497418135,0.195385388223,0.0828583232907
min,0.392799999477,0.531099997997,0.502534249198,0.736806049466
25%,0.744185000157,0.738250001132,0.542891549617,0.754826665461
50%,0.781969999886,0.747300000072,0.611750826246,0.764298596054
75%,0.8043600003,0.752474998415,0.726062232721,0.778649267957
max,0.81924000001,0.763099999666,1.66298675718,1.33382741785
