,acc,val_acc,loss,val_loss
count,153.0,153.0,153.0,153.0
mean,0.194936993752,0.225143137284,3.24543741852,3.15281652712
std,0.0657662491584,0.0689277821794,0.404864528905,0.393647966358
min,0.0113199999593,0.0176999998093,2.80417176437,2.75997433662
25%,0.158219999552,0.188500000238,2.93947434616,2.86400132179
50%,0.213859999895,0.247400003672,3.11422976112,3.01995247841
75%,0.247259999514,0.277700004578,3.43118770027,3.3248544693
max,0.272740000725,0.297700002193,4.60670088959,4.51616268158
