,acc,val_acc,loss,val_loss
count,83.0,83.0,83.0,83.0
mean,0.753222652163,0.735246988022,0.691916942781,0.78649971626
std,0.0808659028494,0.0436753894164,0.230659392322,0.114114352586
min,0.367919999588,0.509200001419,0.482129547858,0.715155125141
25%,0.730559998858,0.732799995542,0.533449892509,0.731045373082
50%,0.779480003262,0.751699998736,0.611516656363,0.741291304588
75%,0.806850002813,0.758350000083,0.766001151282,0.778855507135
max,0.826380001307,0.766200001955,1.73514777455,1.37676085877
