,acc,val_acc,loss,val_loss
count,205.0,205.0,205.0,205.0
mean,0.270888487753,0.315141951233,2.93720533911,2.78534012239
std,0.105660501769,0.105894888181,0.608783463003,0.599990651049
min,0.0112200000342,0.0137999999151,2.2782981329,2.22303299904
25%,0.206980000198,0.26759999603,2.45268254757,2.34828751564
50%,0.303939999819,0.359300002456,2.73045407772,2.53644919395
75%,0.359339999437,0.394400001764,3.2599298296,3.0566061306
max,0.392299999833,0.420399998426,4.60480169678,4.6009922123
