,acc,val_acc,loss,val_loss
count,968.0,968.0,968.0,968.0
mean,0.205329648633,0.261524896779,3.33257470919,3.13664531269
std,0.0882438838735,0.101452244749,0.533717426267,0.581956513536
min,0.0104600000829,0.00779999990016,2.69892352295,2.49094260216
25%,0.145450000167,0.201425000727,2.8988182497,2.67326336861
50%,0.230090000033,0.292700004578,3.16595296574,2.93647157669
75%,0.27804499796,0.343524996638,3.66793212605,3.46566776514
max,0.318799999714,0.381899994612,4.61365728378,4.60610261917
