,acc,val_acc,loss,val_loss
count,26.0,26.0,26.0,26.0
mean,0.0125807692676,0.0137884615863,4.59988626091,4.59809492111
std,0.00142776446982,0.00214388936554,0.00428784798467,0.00501138455079
min,0.00980000005104,0.00879999991041,4.59153702354,4.58747569084
25%,0.011625000044,0.0131250000698,4.59700742388,4.59482859135
50%,0.0127200000188,0.0146000000834,4.60055237484,4.59903517723
75%,0.0135150000441,0.0151750002522,4.60290292788,4.60208705425
max,0.0155400000522,0.0168999997154,4.6080718708,4.60514451981
