,acc,val_acc,loss,val_loss
count,233.0,233.0,233.0,233.0
mean,0.461862145923,0.477709012876,1.70884436838,1.65853537749
std,0.0584931814523,0.0493283199712,0.196322535738,0.167004266957
min,0.12716,0.2163,1.52766996078,1.52076694775
25%,0.4457,0.4663,1.57553485012,1.55352701759
50%,0.48004,0.4961,1.64758609638,1.59720457268
75%,0.50084,0.5094,1.76563761234,1.70053991508
max,0.5164,0.5196,2.79235790787,2.56914146996
