,index,acc,loss,val_acc,val_loss
count,821.0,821.0,821.0,821.0,821.0
mean,410.0,0.369046455542,2.42574584471,0.408234957369,2.33670345617
std,237.146579145,0.0495903863788,0.262926731482,0.039061187878,0.202979216484
min,0.0,0.03316,2.18228816175,0.0787,2.19268230438
25%,205.0,0.35262,2.24750084114,0.403,2.2215452528
50%,410.0,0.38612,2.33997919273,0.4228,2.26218715191
75%,615.0,0.40316,2.51246139622,0.4296,2.36656704426
max,820.0,0.41814,4.42579842377,0.4364,4.10647305489
