,index,acc,loss,val_acc,val_loss
count,156.0,156.0,156.0,156.0,156.0
mean,77.5,0.641406153846,1.04382508403,0.65535,1.02371496786
std,45.1774279923,0.0292289871689,0.0723549910566,0.018407840195,0.0464679714583
min,0.0,0.4181,0.992628688913,0.5375,0.961407130688
25%,38.75,0.640635,1.01205711545,0.65105,0.997657151099
50%,77.5,0.65162,1.01873626567,0.65985,1.01632721621
75%,116.25,0.655485,1.04031515615,0.665925,1.0385534713
max,155.0,0.65938,1.59455486261,0.6775,1.29887109542
