,acc,val_acc,loss,val_loss
count,82.0,82.0,82.0,82.0
mean,0.730808537496,0.695773169092,0.765795429022,0.8832597531
std,0.090538697575,0.0634276992596,0.251535687274,0.160815602258
min,0.30694000237,0.408399998903,0.529915406108,0.729710806966
25%,0.701989997345,0.687224995703,0.589322280732,0.780162436575
50%,0.761530002213,0.718149998128,0.684921100372,0.828439887762
75%,0.791965003777,0.734824996769,0.852535963231,0.917302038819
max,0.813420001435,0.755400001049,1.9011179409,1.59189122558
