,acc,val_acc,loss,val_loss
count,53.0,53.0,53.0,53.0
mean,0.745182264185,0.730339622637,0.713977337572,0.797364163777
std,0.0714061553419,0.0369793724994,0.203120720934,0.0935929275712
min,0.408839999652,0.540399998903,0.545587152529,0.739944339752
25%,0.731680000114,0.729600002289,0.583717476177,0.755680458784
50%,0.771420000172,0.743399999619,0.645161751699,0.768069616079
75%,0.788039999199,0.748200000286,0.759129943132,0.786174072266
max,0.801680000305,0.753300004482,1.6296503624,1.26551191187
