,acc,val_acc,loss,val_loss
count,289.0,289.0,289.0,289.0
mean,0.268367473927,0.287570588183,2.85403994646,2.83878511723
std,0.0745479382512,0.0649547444706,0.42362149218,0.351523181608
min,0.010800000038,0.0105000001378,2.42629410744,2.56724157333
25%,0.232780000567,0.268299996853,2.54832020283,2.61564834118
50%,0.292559999824,0.309799996018,2.71585586071,2.70243265629
75%,0.324179999828,0.331099998951,3.03119298458,2.91873743534
max,0.349940001369,0.34470000267,4.65784461975,4.59700984955
