,acc,val_acc,loss,val_loss
count,114.0,114.0,114.0,114.0
mean,0.309035613765,0.347230701657,2.7174718258,2.59707888645
std,0.104855687312,0.0965576789093,0.594206662932,0.533436249245
min,0.0137199997827,0.0243999999017,2.13109662867,2.20610354662
25%,0.259309998229,0.320475000292,2.26550522316,2.24450608671
50%,0.344949999779,0.391399999857,2.5087786727,2.36225099206
75%,0.39175,0.412800001204,2.96806914663,2.72032810569
max,0.417379999638,0.429499998689,4.59902066422,4.57706852913
