,index,acc,loss,val_acc,val_loss
count,526.0,526.0,526.0,526.0,526.0
mean,262.5,0.764951558935,0.666521560815,0.747764448669,0.737141854443
std,151.987389828,0.0473760118549,0.1371116977,0.027557800216,0.07219404092
min,0.0,0.382,0.540215419185,0.5079,0.697527494669
25%,131.25,0.753085,0.576231873864,0.74465,0.70322291559
50%,262.5,0.77862,0.625125343513,0.7568,0.712150726616
75%,393.75,0.794985,0.70514988957,0.7623,0.736977082193
max,525.0,0.80658,1.6922851615,0.7669,1.37514927197
