,acc,val_acc,loss,val_loss
count,116.0,116.0,116.0,116.0
mean,0.314567758398,0.348865516815,2.67985585043,2.57611685159
std,0.107764146626,0.096429095027,0.606859298598,0.532970884283
min,0.0141999997161,0.019599999655,2.08092201138,2.18678095698
25%,0.257775000188,0.319800002724,2.21524027234,2.21945380539
50%,0.352610001147,0.392000000626,2.45798664296,2.32525797904
75%,0.400004999027,0.415699998662,2.95739964771,2.71200133145
max,0.427079997957,0.428399999142,4.59669639301,4.55245984554
