,acc,val_acc,loss,val_loss
count,87.0,87.0,87.0,87.0
mean,0.77606850565,0.738547126452,0.624484575965,0.799090184162
std,0.0743035638899,0.0366147281044,0.213862124806,0.0881389002851
min,0.373820000815,0.519800003052,0.454057180977,0.74500616169
25%,0.759459999514,0.737749998093,0.489698077202,0.762026501656
50%,0.803680000782,0.750600000381,0.546960716009,0.773056086063
75%,0.8208400002,0.755649999619,0.672324908543,0.786218106747
max,0.835120000648,0.762199996948,1.73274521294,1.36932317638
