,acc,val_acc,loss,val_loss
count,199.0,199.0,199.0,199.0
mean,0.713899799283,0.723295980806,0.815153500277,0.803767752781
std,0.0608804229257,0.0411501831512,0.169782036157,0.113296946609
min,0.329260000229,0.472999995947,0.654688171744,0.717267950773
25%,0.696470001578,0.71710000217,0.701362303138,0.735778443664
50%,0.733840001583,0.737500002384,0.760652161419,0.763420955539
75%,0.754379999399,0.747599998713,0.869933223307,0.821714841127
max,0.769399999022,0.755399999022,1.83844940042,1.49262320876
