,acc,val_acc,loss,val_loss
count,230.0,230.0,230.0,230.0
mean,0.72393226052,0.729491738342,0.788530602415,0.786385009449
std,0.0577545141372,0.0383326936157,0.161917517678,0.106120901092
min,0.318300001937,0.467699997306,0.638129902518,0.711620120049
25%,0.708964997023,0.721774995387,0.680487497979,0.724146276623
50%,0.741439999115,0.742949998856,0.738311950874,0.748145181954
75%,0.761310000527,0.752474999696,0.837804030699,0.80216227892
max,0.776220003223,0.758300001025,1.87125636535,1.48062288809
