,acc,val_acc,loss,val_loss
count,71.0,71.0,71.0,71.0
mean,0.0160208451403,0.0191549296423,4.57651784392,4.56633796692
std,0.00406765000573,0.00401596064864,0.0325191610781,0.0440596337225
min,0.00943999996781,0.0104999998026,4.4962841835,4.45854091644
25%,0.0128800000437,0.0160500000603,4.55920243263,4.54274495125
50%,0.0147200000659,0.0212999997661,4.591913414,4.58814573288
75%,0.0195000001043,0.0227999999747,4.60079788589,4.59917804718
max,0.0235199999213,0.0240000005066,4.61007901764,4.60582330704
