,acc,val_acc,loss,val_loss
count,236.0,236.0,236.0,236.0
mean,0.744887797449,0.730204237319,0.728132927639,0.777571834315
std,0.0578251803364,0.0345417905053,0.158141020555,0.0919310934881
min,0.352800001553,0.498800001755,0.578354967752,0.718957698196
25%,0.728980000052,0.72712499997,0.625079569097,0.728844174251
50%,0.761860001457,0.74269999975,0.678320484756,0.742883327812
75%,0.782215001446,0.749299999952,0.77482145059,0.780139358893
max,0.797800001836,0.755299999952,1.73383071327,1.38806284761
