,acc,val_acc,loss,val_loss
count,60.0,60.0,60.0,60.0
mean,0.741923999173,0.727853333885,0.722274235201,0.806246940086
std,0.0733585626777,0.0369424497728,0.208067734036,0.0962424320919
min,0.391759998627,0.556099995971,0.540347472191,0.749836428761
25%,0.725530001283,0.72802500248,0.589611356631,0.76333882153
50%,0.765169998467,0.741750000119,0.651927307636,0.772968884259
75%,0.788609997213,0.745574998111,0.776227297127,0.803408083394
max,0.803559997678,0.753100001812,1.67161437893,1.26781452537
