,acc,val_acc,loss,val_loss
count,44.0,44.0,44.0,44.0
mean,0.671120908989,0.683713636484,0.937385518391,0.919557053472
std,0.0548478841866,0.0305057414686,0.147708335849,0.0757557713209
min,0.426800001268,0.560100001901,0.819105960926,0.85702214092
25%,0.661145000097,0.682000000611,0.842677886771,0.878916445516
50%,0.689639999759,0.69209999907,0.886035858813,0.898368893057
75%,0.705679999858,0.702525001049,0.968824425267,0.925009291738
max,0.715620000196,0.711500000238,1.57910980861,1.22173094761
