,acc,val_acc,loss,val_loss
count,33.0,33.0,33.0,33.0
mean,0.0148957575906,0.0205575758241,4.5884230749,4.58141502669
std,0.00293839139893,0.00491299495599,0.0176840717192,0.0244080671931
min,0.0102400000058,0.0104999999329,4.54295030975,4.51758220673
25%,0.0123200000562,0.0158999999985,4.58114076233,4.57104198456
50%,0.0147400000542,0.0217000000179,4.59514696121,4.59125640869
75%,0.0166399999708,0.0245000002533,4.60116153717,4.59940977097
max,0.0204400001019,0.0269000001252,4.60949285889,4.60509057999
