,acc,val_acc,loss,val_loss
count,431.0,431.0,431.0,431.0
mean,0.25413327125,0.302179814211,3.02467637678,2.84963027976
std,0.102182112264,0.106643345827,0.597579058362,0.607020413036
min,0.00979999981448,0.0098999998346,2.35266312885,2.26450186491
25%,0.186190000072,0.248349997848,2.53817666197,2.38071549892
50%,0.285099999666,0.343600001931,2.82876994038,2.6043052578
75%,0.339730000496,0.385449999571,3.37063244057,3.14198978186
max,0.376059999108,0.410499998927,4.60583663559,4.60222343445
