,acc,val_acc,loss,val_loss
count,151.0,151.0,151.0,151.0
mean,0.706457616084,0.717008609718,0.839693053398,0.808745253402
std,0.0533134966667,0.0348099221117,0.148822578651,0.101025090675
min,0.393180001725,0.512400001615,0.707388978612,0.732606156737
25%,0.690789999688,0.71464999941,0.737736386877,0.746096532583
50%,0.724260000241,0.729200000107,0.787158250391,0.769848479152
75%,0.742049999678,0.737400000423,0.890009161156,0.828731532544
max,0.752440000319,0.742600001395,1.66203269093,1.3622355808
