,index,acc,loss,val_acc,val_loss
count,768.0,768.0,768.0,768.0,768.0
mean,383.5,0.378907265625,2.37703152813,0.415179817708,2.28767606643
std,221.846793982,0.0480374723986,0.252922064763,0.0356622340529,0.186664722393
min,0.0,0.04224,2.14240992641,0.1109,2.1563896513
25%,191.75,0.36438,2.21169578505,0.409775,2.18455619216
50%,383.5,0.39385,2.29900642109,0.427,2.2267606473
75%,575.25,0.41022,2.44811107159,0.4349,2.31370069504
max,767.0,0.42682,4.35451309204,0.4421,3.96751839638
