,acc,val_acc,loss,val_loss
count,172.0,172.0,172.0,172.0
mean,0.712368138708,0.716236626777,0.820840518995,0.813186498454
std,0.0622986796328,0.0473593233134,0.171472843853,0.128585412924
min,0.336480000421,0.460499995887,0.66632977612,0.70723179388
25%,0.695854996806,0.708274997056,0.707163965258,0.737314174891
50%,0.732379999161,0.732549998641,0.764770138288,0.767487677455
75%,0.752380001378,0.744075001031,0.869370282894,0.837225478292
max,0.767120001054,0.753800003409,1.81431497307,1.48031209755
