,acc,val_acc,loss,val_loss
count,116.0,116.0,116.0,116.0
mean,0.68982586111,0.69632844744,0.88532755613,0.869323658787
std,0.0674557773892,0.0502514282301,0.177414937691,0.133064900269
min,0.296280002356,0.443699999154,0.730241995656,0.757319730461
25%,0.673369998884,0.685849999011,0.770606874028,0.783124376759
50%,0.711369998348,0.714800001144,0.829606443274,0.821211112857
75%,0.733040000129,0.728399998486,0.935280038238,0.896234163165
max,0.746940000057,0.737500000715,1.88278180375,1.55320503545
