,acc,val_acc,loss,val_loss
count,214.0,214.0,214.0,214.0
mean,0.265270467252,0.307337850393,2.96602247214,2.81513437157
std,0.102854457186,0.103173544554,0.601891600613,0.596754717359
min,0.0101800001264,0.0140999998897,2.30901942539,2.24575391293
25%,0.202869999826,0.255924999937,2.49051541305,2.36036806464
50%,0.296749999344,0.342700003386,2.76526119328,2.59734060764
75%,0.348980000585,0.387499998659,3.28632877636,3.08269172192
max,0.386559999228,0.414599997401,4.60593479919,4.6032950592
