,acc,val_acc,loss,val_loss
count,63.0,63.0,63.0,63.0
mean,0.709816508141,0.716101587543,0.871540475295,0.865188913132
std,0.0564289471923,0.0340569991942,0.141311783718,0.0824318149639
min,0.400300001423,0.54390000248,0.796979282695,0.802523991108
25%,0.711489999723,0.71649999994,0.804444156969,0.825355665103
50%,0.731140000641,0.726600000322,0.822183656853,0.841807896405
75%,0.736270000434,0.734300000846,0.863276896739,0.868258546352
max,0.741880000603,0.741899999619,1.65400142386,1.31702297902
