,acc,val_acc,loss,val_loss
count,347.0,347.0,347.0,347.0
mean,0.30541066272,0.360376657309,2.76237155873,2.57851339763
std,0.0583651106407,0.0576403836754,0.323631217865,0.309814460452
min,0.0132399999723,0.0258000000566,2.48415898132,2.34320611954
25%,0.288770001769,0.349849998653,2.55320658016,2.39592643261
50%,0.326599999666,0.381100004911,2.65042395973,2.46569944859
75%,0.344300001144,0.395249998569,2.83995054054,2.62676911116
max,0.36069999814,0.407000003457,4.60185904503,4.43343169212
