,acc,val_acc,loss,val_loss
count,704.0,704.0,704.0,704.0
mean,0.207490653218,0.262375426101,3.31655737407,3.12852584649
std,0.0879295778376,0.100172224989,0.52609087896,0.570321627626
min,0.00974000015669,0.00909999995958,2.67236717033,2.47569475651
25%,0.14565499974,0.197474999577,2.8816382525,2.65932945013
50%,0.228639999926,0.292150001526,3.17474685478,2.95102798223
75%,0.282459998921,0.345224999785,3.65262590122,3.47212935686
max,0.323740000606,0.379500002265,4.61305706024,4.60492916107
