,acc,val_acc,loss,val_loss
count,58.0,58.0,58.0,58.0
mean,0.668153448066,0.683239655138,0.94573380791,0.923478938421
std,0.0490419714524,0.0256360966083,0.133258233719,0.0703356065748
min,0.417480001658,0.554500000864,0.843973597419,0.8605350793
25%,0.660619999464,0.680924999148,0.86933309935,0.883621174946
50%,0.686059999365,0.690600000471,0.897726359278,0.899095485896
75%,0.696389999539,0.698124999285,0.967438270338,0.934537698314
max,0.703599999797,0.703900002062,1.60270137146,1.27063762724
