,acc,val_acc,loss,val_loss
count,63.0,63.0,63.0,63.0
mean,0.697056825929,0.690315872483,0.854638689057,0.897920009181
std,0.128165101295,0.089361901133,0.337023433679,0.229877619495
min,0.196340003486,0.323600002229,0.523625138295,0.731807664394
25%,0.654589999014,0.682849996567,0.61177981118,0.763899878293
50%,0.741040000391,0.731999998808,0.742127587485,0.790008699179
75%,0.785230001283,0.745499999106,0.983161995637,0.917658639371
max,0.814920001745,0.753499999762,2.10786541009,1.82583647418
