,acc,val_acc,loss,val_loss
count,298.0,298.0,298.0,298.0
mean,0.299302281793,0.341820805422,2.8198588407,2.68720235873
std,0.105972036471,0.100845657101,0.596967688741,0.565579053295
min,0.0104000000171,0.0109999999031,2.17980819321,2.19496439934
25%,0.239594999492,0.298549998105,2.36157062721,2.28750386477
50%,0.333360002041,0.383949999809,2.62245499611,2.44928944111
75%,0.38459999907,0.415424999595,3.11324015474,2.89825585127
max,0.421299999237,0.435299999714,4.60709348679,4.60196468353
