,acc,val_acc,loss,val_loss
count,79.0,79.0,79.0,79.0
mean,0.764385569507,0.705739240384,0.686587808189,0.887880022106
std,0.11177077502,0.0585059268006,0.28910347486,0.130581607332
min,0.222900000012,0.398199998856,0.404455468702,0.806416604042
25%,0.730759999847,0.708149998426,0.487122720218,0.824750271559
50%,0.798559999466,0.728100001335,0.601332791376,0.847263041019
75%,0.839120000219,0.734749998331,0.785580453086,0.885911693931
max,0.867959998989,0.737900001049,2.02263027,1.61727067375
