,acc,val_acc,loss,val_loss
count,51.0,51.0,51.0,51.0
mean,0.731224313649,0.725964705967,0.753561594151,0.804975102317
std,0.0687850309933,0.0347836966103,0.196014564193,0.0917612385754
min,0.406899999124,0.55479999876,0.600086644363,0.745391758919
25%,0.71914999938,0.724199999332,0.629357637763,0.760751191497
50%,0.753280000114,0.737500000954,0.685466013098,0.777242693424
75%,0.772990000248,0.743750000477,0.794747345257,0.796159422755
max,0.783000000763,0.748300003529,1.6366412487,1.26886810303
