,acc,val_acc,loss,val_loss
count,52.0,52.0,52.0,52.0
mean,0.736364231178,0.723328844977,0.742660919105,0.816433144203
std,0.0671569646523,0.0332476468131,0.189554025018,0.0823690353931
min,0.419919999821,0.556500001907,0.585813544655,0.75926558876
25%,0.724829998714,0.720125000566,0.6233592454,0.7758497857
50%,0.75835000056,0.735999998391,0.683543196207,0.79506795013
75%,0.776625001377,0.740499998927,0.786540876752,0.816590182468
max,0.791340002036,0.747299999356,1.5943093689,1.23508114111
