,acc,val_acc,loss,val_loss
count,192.0,192.0,192.0,192.0
mean,0.732803645537,0.722114063315,0.762750537498,0.791473770908
std,0.0659246158818,0.0428648890767,0.178575607318,0.11383743947
min,0.304900000311,0.456499997079,0.601463814318,0.714207406044
25%,0.714535000116,0.716300000399,0.645907026395,0.728472459987
50%,0.752859999478,0.737150000036,0.705750588357,0.747517182529
75%,0.775024998486,0.746525001377,0.815758361399,0.8018648085
max,0.790319997191,0.755499999523,1.8649268856,1.4977887547
