,acc,val_acc,loss,val_loss
count,238.0,238.0,238.0,238.0
mean,0.724787646993,0.730785714163,0.78418806356,0.775143792944
std,0.0519249487207,0.0330367609301,0.146263822155,0.094024807959
min,0.384699999525,0.521099998236,0.645343115854,0.707312777162
25%,0.710484999794,0.726199998915,0.684177935499,0.719360057712
50%,0.741269999874,0.741100000501,0.740099426329,0.741698170304
75%,0.759195000076,0.750099999845,0.832080556637,0.788846699148
max,0.773819999981,0.758800000429,1.69289892597,1.35583694315
