,acc,val_acc,loss,val_loss
count,212.0,212.0,212.0,212.0
mean,0.742939528477,0.737013207448,0.734401475421,0.758511083553
std,0.0560597942834,0.0354144324053,0.157632257561,0.10036697951
min,0.365520000449,0.507800000191,0.588520253491,0.690791352153
25%,0.72850999943,0.733974998534,0.630282284313,0.703131384611
50%,0.759930000496,0.749599999547,0.687481451356,0.720266910315
75%,0.778484999859,0.756125000715,0.778327135944,0.768004066527
max,0.792940000248,0.762300000191,1.74209856768,1.39517074871
