,acc,val_acc,loss,val_loss
count,232.0,232.0,232.0,232.0
mean,0.263921551569,0.282721552054,2.85016997809,2.83596855871
std,0.0719152406878,0.0625865802052,0.411440189826,0.342007179623
min,0.0165200000517,0.020700000152,2.42659168434,2.5679427433
25%,0.231414999932,0.262250000238,2.553460145,2.61671135426
50%,0.288299999714,0.307100002766,2.71818051434,2.70256677628
75%,0.318124998331,0.324225000143,2.99911069298,2.92272243023
max,0.342339999676,0.338999999762,4.55153465652,4.42392705917
