,index,acc,loss,val_acc,val_loss
count,235.0,235.0,235.0,235.0,235.0
mean,117.0,0.38670212766,2.30563721168,0.396069787234,2.33563849994
std,67.9828409723,0.0845434168978,0.45687847109,0.0614339376784,0.326804695783
min,0.0,0.01948,1.88857457399,0.0395,2.16077989817
25%,58.5,0.36061,1.99358212376,0.3954,2.18325350165
50%,117.0,0.4162,2.14121977091,0.4213,2.2041545105
75%,175.5,0.44707,2.44846706343,0.4266,2.32034746051
max,234.0,0.4693,4.49355000114,0.4343,4.31001209259
