,acc,val_acc,loss,val_loss
count,94.0,94.0,94.0,94.0
mean,0.755571916676,0.733670212502,0.682836521506,0.794164796354
std,0.0777213871558,0.0416227189453,0.22198437654,0.107469521027
min,0.361219999677,0.505500002384,0.489751983654,0.726675186992
25%,0.734244998974,0.732974996865,0.533256024611,0.746584573418
50%,0.782040003419,0.749149998248,0.603998511565,0.757114874899
75%,0.805445003468,0.754250001192,0.750894469938,0.776761050016
max,0.822240003133,0.760600003839,1.73552901826,1.39481941271
