,index,acc,loss,val_acc,val_loss
count,140.0,140.0,140.0,140.0,140.0
mean,69.5,0.403835857143,2.22276615315,0.405189285714,2.3360428537
std,40.5585995813,0.0715575288005,0.391058819791,0.0411855089002,0.219137452909
min,0.0,0.05466,1.88384980965,0.1451,2.22542490005
25%,34.75,0.38302,1.96358545923,0.40915,2.24295622826
50%,69.5,0.42654,2.09584764671,0.4194,2.25438302517
75%,104.25,0.45415,2.32587228775,0.4242,2.32296023607
max,139.0,0.46952,4.28789429092,0.4291,3.74156339645
