,acc,val_acc,loss,val_loss
count,215.0,215.0,215.0,215.0
mean,0.696956743973,0.696433488304,0.863139306725,0.857473163624
std,0.0606199126662,0.0407320892947,0.159888517784,0.11028028695
min,0.315540000449,0.441199998498,0.716371277761,0.773441475749
25%,0.680050000036,0.68825000006,0.75647903173,0.78999701339
50%,0.718580000377,0.710200001001,0.80977206347,0.815482145905
75%,0.736399999261,0.721450001001,0.912526892829,0.875131246209
max,0.750539999342,0.730799998999,1.81756700668,1.50394890213
