,acc,val_acc,loss,val_loss
count,108.0,108.0,108.0,108.0
mean,0.765033705567,0.733347221807,0.655152418667,0.797615116622
std,0.0785810687466,0.0418627523464,0.224356571595,0.103705381604
min,0.355400000075,0.496699999928,0.451981974375,0.731397889853
25%,0.742139998603,0.734324997067,0.504388990459,0.75350438875
50%,0.793310004616,0.748049999893,0.574177819264,0.763057822585
75%,0.814765002352,0.753550002068,0.726195477659,0.781965856999
max,0.83590000124,0.760400001526,1.75668407216,1.41381789565
