,acc,val_acc,loss,val_loss
count,157.0,157.0,157.0,157.0
mean,0.393780762801,0.40378980738,2.30285777768,2.35460807115
std,0.103406926699,0.0754176637047,0.560155723926,0.406733005421
min,0.0163799996972,0.0288999995776,1.78472344136,2.13204671621
25%,0.356520000458,0.404799998403,1.91193088317,2.14850109696
50%,0.431079998016,0.436599998176,2.10338764858,2.17715331793
75%,0.469039998472,0.442999998033,2.4934900353,2.34547677517
max,0.493419995785,0.44979999572,4.57216179371,4.44820604801
