,acc,val_acc,loss,val_loss
count,340.0,340.0,340.0,340.0
mean,0.295403294173,0.341059706028,2.83738935997,2.70437860675
std,0.103082363568,0.0998046138995,0.5848710162,0.557024451245
min,0.0107799999509,0.0181000000611,2.20187035561,2.20450032234
25%,0.238969999224,0.300050006062,2.39104168224,2.30453275084
50%,0.325679998457,0.382649995983,2.65288127375,2.48278270245
75%,0.377009999603,0.414999998808,3.11049452305,2.89471235633
max,0.414539999723,0.433600002527,4.60812403488,4.60005707741
