,index,acc,loss,val_acc,val_loss
count,173.0,173.0,173.0,173.0,173.0
mean,86.0,0.765606011561,0.65702246168,0.727271098266,0.830851074604
std,50.0849278726,0.0524011741474,0.148140832282,0.0258008670635,0.0619581883531
min,0.0,0.40978,0.541977047271,0.5481,0.773029556394
25%,43.0,0.75532,0.571114108258,0.7286,0.803239027679
50%,86.0,0.78376,0.603125278521,0.7336,0.820897279263
75%,129.0,0.79712,0.681813001895,0.7379,0.835629029691
max,172.0,0.80708,1.62707721715,0.7456,1.27100892901
