,acc,val_acc,loss,val_loss
count,116.0,116.0,116.0,116.0
mean,0.77949362206,0.742157758524,0.611583393734,0.795897736444
std,0.0680425400007,0.0302090607104,0.195377622473,0.0706801755629
min,0.399859999751,0.545000000834,0.448466917956,0.741943015158
25%,0.763270001572,0.742224999547,0.488871623267,0.765673246369
50%,0.801930001545,0.752099999964,0.541448460558,0.78178105852
75%,0.82162500236,0.755625001013,0.660142155647,0.798534988359
max,0.837180001593,0.762899999738,1.64149517355,1.29014376879
