,acc,val_acc,loss,val_loss
count,52.0,52.0,52.0,52.0
mean,0.728122307981,0.724923076504,0.765335473577,0.807094291522
std,0.0793578618701,0.0445029350226,0.225210509718,0.117079741519
min,0.386939998871,0.529900001287,0.55804234643,0.730433753133
25%,0.705369999564,0.721524996519,0.6094207636,0.746583646894
50%,0.756350000739,0.741700000882,0.68636499728,0.757308516383
75%,0.780785000288,0.749424998283,0.840595389009,0.803344828367
max,0.79842000103,0.75560000205,1.68199878254,1.31780744123
