,acc,val_acc,loss,val_loss
count,142.0,142.0,142.0,142.0
mean,0.771339859287,0.736633802602,0.650840863301,0.790234570564
std,0.0873309244197,0.0532463270398,0.245625280663,0.136165111446
min,0.291219999599,0.403499999523,0.441257674265,0.700152449131
25%,0.747140000534,0.735475000262,0.483297467804,0.723315883517
50%,0.803919999409,0.756749997139,0.560279789066,0.743526132107
75%,0.829064999962,0.76300000155,0.723972912621,0.787899819255
max,0.844559999084,0.772000001431,1.93646916809,1.67061654568
