,acc,val_acc,loss,val_loss
count,66.0,66.0,66.0,66.0
mean,0.72484848466,0.725053030213,0.810210546294,0.824626309465
std,0.0726147948928,0.0444626941548,0.188654676114,0.113089691884
min,0.361119999297,0.519399997711,0.680772778296,0.753604512095
25%,0.71547999987,0.718774998665,0.703611328515,0.771875133187
50%,0.752900000358,0.741850000441,0.735803612387,0.780637426555
75%,0.766879999936,0.749675001323,0.828823211229,0.819120815367
max,0.777800000143,0.758900000572,1.74778403883,1.38903201008
