,acc,val_acc,loss,val_loss
count,364.0,364.0,364.0,364.0
mean,0.245597857055,0.29582197791,3.07842805158,2.89554777435
std,0.0991345307268,0.104793209817,0.582750013505,0.598718053281
min,0.0107799999602,0.010800000038,2.41555284691,2.29558587551
25%,0.182515000105,0.23630000025,2.60939025688,2.43155080676
50%,0.272430000424,0.332900000811,2.90179906082,2.66584686995
75%,0.329135000229,0.378100001067,3.41088625288,3.20535549164
max,0.366200001836,0.407399995923,4.60639680481,4.6034481144
