,acc,val_acc,loss,val_loss
count,65.0,65.0,65.0,65.0
mean,0.75489138636,0.731487691387,0.683383538563,0.798775419259
std,0.080412095315,0.0415501372435,0.230721856047,0.110593857387
min,0.365059999782,0.536800003052,0.486454720759,0.731071133018
25%,0.737920000386,0.727999993801,0.533605184829,0.749988079309
50%,0.781980003858,0.747099998474,0.602172269619,0.762482213616
75%,0.804920002842,0.752199997187,0.740921605992,0.792260602832
max,0.823300005555,0.759600001931,1.75186851091,1.33061580229
