,acc,val_acc,loss,val_loss
count,253.0,253.0,253.0,253.0
mean,0.244600237022,0.266509881191,2.97813776231,2.93269278997
std,0.0716006539866,0.065523535835,0.41364411352,0.377806940538
min,0.0107599999942,0.01,2.5576819706,2.63195679665
25%,0.211579998732,0.249400001764,2.67812951279,2.69019732475
50%,0.26740000248,0.29,2.84275635719,2.79696757317
75%,0.299479999542,0.311099997759,3.13749852562,3.00781571388
max,0.322419999838,0.325499995947,4.60423291397,5.16622106552
