,acc,val_acc,loss,val_loss
count,182.0,182.0,182.0,182.0
mean,0.72373000048,0.729490659968,0.788910922689,0.784579386275
std,0.0530644397659,0.0342646456382,0.148698503367,0.0954442334911
min,0.400980001499,0.522100000769,0.645473280561,0.709512062758
25%,0.706875000292,0.722575000256,0.686993415248,0.726557247892
50%,0.740070000446,0.74185000059,0.740927311066,0.748304719508
75%,0.759015001535,0.750300001085,0.841689815262,0.804414900079
max,0.774160001242,0.756400000691,1.64354845941,1.35952204955
