,acc,val_acc,loss,val_loss
count,242.0,242.0,242.0,242.0
mean,0.737910082569,0.741363636244,0.747589582198,0.757440311767
std,0.0510933409724,0.032528695459,0.144798606328,0.0906700011434
min,0.39023999951,0.515799997687,0.612138379335,0.688662882924
25%,0.721899999827,0.736599999905,0.652076011783,0.704445308328
50%,0.754470000315,0.751950000405,0.70242984612,0.725420287073
75%,0.771360000134,0.760624998748,0.796486265135,0.774159647733
max,0.785000000191,0.767299998045,1.67498519163,1.35874091816
