,acc,val_acc,loss,val_loss
count,81.0,81.0,81.0,81.0
mean,0.768004198688,0.678082713808,0.679699260086,1.00070486435
std,0.113110462476,0.0686824929489,0.296278268376,0.153395670436
min,0.233260002667,0.361100000262,0.39178278507,0.853956422687
25%,0.732739997315,0.678399999261,0.479307715416,0.913006643176
50%,0.801700002337,0.706899996519,0.591383314025,0.947218273997
75%,0.843120001554,0.717499996424,0.784112996674,1.03027959478
max,0.872420000768,0.725099998355,2.0139982954,1.68368910146
