,acc,val_acc,loss,val_loss
count,127.0,127.0,127.0,127.0
mean,0.810764248205,0.719547245185,0.555196651931,0.917566286856
std,0.0982665357806,0.0437092434062,0.260004948627,0.100206433624
min,0.299060005857,0.443600006983,0.298941646478,0.815022446197
25%,0.778949998124,0.725150000498,0.368316244618,0.845084307427
50%,0.841099994755,0.735200000569,0.474855108145,0.895660513902
75%,0.87835999327,0.737800000332,0.65239965145,0.97178846477
max,0.902579992652,0.741400000826,1.81261220053,1.48065918314
