,acc,val_acc,loss,val_loss
count,86.0,86.0,86.0,86.0
mean,0.738333488194,0.720953488278,0.738870381015,0.84008968625
std,0.0559346703593,0.0235679328524,0.157492770924,0.0573669122303
min,0.427499998438,0.585599998593,0.607618126869,0.798042964697
25%,0.72490500018,0.720500000566,0.640896502918,0.816060845852
50%,0.755579999876,0.727849999189,0.685345790303,0.826817813337
75%,0.772164999413,0.731975000441,0.778041701496,0.842075867563
max,0.785319999647,0.73830000186,1.57499573774,1.21513845682
