,acc,val_acc,loss,val_loss
count,122.0,122.0,122.0,122.0
mean,0.7049067206,0.693555735886,0.843948847994,0.881314045577
std,0.0746312761485,0.0619106973672,0.199126276714,0.167249001953
min,0.278260002185,0.38689999944,0.668526614785,0.737819757938
25%,0.685469996709,0.681799998581,0.713403476843,0.779694490284
50%,0.729229998064,0.716199997962,0.779240684116,0.81823987639
75%,0.753245000499,0.731499999374,0.902310580605,0.898189207524
max,0.768460001659,0.748200000286,1.93478172116,1.66257650113
