,acc,val_acc,loss,val_loss
count,270.0,270.0,270.0,270.0
mean,0.480818962963,0.49136,1.64464025599,1.61246451234
std,0.0549015044149,0.0413308173276,0.188394065232,0.143989010837
min,0.1543,0.2493,1.46565254679,1.4946518693
25%,0.4621,0.4824,1.51404181874,1.52128019023
50%,0.49827,0.5054,1.58627136631,1.56346584618
75%,0.518675,0.518175,1.70919607544,1.64600558019
max,0.53288,0.5274,2.72024762688,2.45566485119
