,acc,val_acc,loss,val_loss
count,76.0,76.0,76.0,76.0
mean,0.760147896552,0.733771051557,0.667484006364,0.798579997262
std,0.078185251355,0.0388637312106,0.224893837373,0.0978100153035
min,0.373519998538,0.538499999762,0.476570259285,0.73877120626
25%,0.741219999087,0.734699997783,0.522566923219,0.754190169662
50%,0.787780003929,0.749500000775,0.585361072671,0.767711908638
75%,0.809000003117,0.752650001556,0.726975086832,0.784021238804
max,0.825000004315,0.756400001287,1.72784882011,1.32407204938
