,acc,val_acc,loss,val_loss
count,36.0,36.0,36.0,36.0
mean,0.0125833333216,0.0187972222261,4.60182866367,4.60028144651
std,0.00127683983407,0.00224047013604,0.00288281025352,0.00277228150806
min,0.00942000006512,0.011699999962,4.59729866982,4.59513047218
25%,0.0118700000225,0.0180499999411,4.60002278376,4.59826767921
50%,0.0128399999952,0.019599999981,4.60168729115,4.6004201889
75%,0.0132199999704,0.02012500023,4.60320777369,4.60224660635
max,0.0154400000423,0.0213999999128,4.61052639961,4.60615726471
