,acc,val_acc,loss,val_loss
count,247.0,247.0,247.0,247.0
mean,0.740519675895,0.739471254678,0.739649103056,0.752718614241
std,0.049784174451,0.0290094817227,0.140510023827,0.0852006924688
min,0.401040006439,0.543500005879,0.604135953272,0.691462336384
25%,0.726390000653,0.733949999966,0.645442978545,0.702415279292
50%,0.756319999057,0.749199999571,0.696536820877,0.721976301268
75%,0.773199998258,0.756349998847,0.784692107218,0.765580617029
max,0.786539997342,0.762499998361,1.63554855007,1.31035550797
