,acc,val_acc,loss,val_loss
count,89.0,89.0,89.0,89.0
mean,0.768808092065,0.737941572975,0.64453999274,0.780784945978
std,0.0748433618632,0.0368085339714,0.215309379046,0.0957512883796
min,0.365579999843,0.525400004923,0.467831708026,0.727658178926
25%,0.754880000901,0.740500000834,0.509037203312,0.742482118368
50%,0.793920006084,0.751099998951,0.573232957733,0.74795999825
75%,0.814560003209,0.755599998593,0.685912734163,0.768109569788
max,0.82908000288,0.759100005984,1.75590636945,1.354506989
