,acc,val_acc,loss,val_loss
count,136.0,136.0,136.0,136.0
mean,0.322206764454,0.354520587553,2.64595484533,2.55186621677
std,0.106483149445,0.0949063525429,0.597783392633,0.524104898133
min,0.0123599997349,0.023699999582,2.06376004291,2.18089542747
25%,0.269555000395,0.327250001952,2.19887051672,2.21448193133
50%,0.358900000051,0.398399999142,2.43005853117,2.30681915224
75%,0.404509998605,0.417949998081,2.90648494744,2.66877261817
max,0.43269999814,0.427999997735,4.59921822643,4.57147800922
