,acc,val_acc,loss,val_loss
count,202.0,202.0,202.0,202.0
mean,0.739888118603,0.736244554471,0.741730657347,0.76132428463
std,0.0529526916245,0.0306346162929,0.149787926366,0.0865933102773
min,0.414740006545,0.547200006112,0.598631601043,0.698576966763
25%,0.725450000665,0.731525000263,0.637182097001,0.711421382949
50%,0.756549999148,0.746299999509,0.694753099768,0.730135420598
75%,0.77631999821,0.753999999329,0.790802184197,0.771505121693
max,0.788659997317,0.760299998552,1.60635081134,1.29631046405
