,acc,val_acc,loss,val_loss
count,74.0,74.0,74.0,74.0
mean,0.741132702033,0.729851351759,0.72530901111,0.796114812465
std,0.0772475269298,0.043123604926,0.219047496469,0.111696204963
min,0.368959999725,0.499099995494,0.528527206957,0.728512716293
25%,0.721030002415,0.729750000983,0.575838351086,0.745721768588
50%,0.76790999943,0.743750000596,0.650168472677,0.755174888372
75%,0.791269997507,0.751000002027,0.78985339722,0.791633212417
max,0.806639997244,0.759300000668,1.71329619384,1.39709648132
