,acc,val_acc,loss,val_loss
count,209.0,209.0,209.0,209.0
mean,0.716181339711,0.715254545392,0.806390016575,0.812571578835
std,0.0627915432175,0.0419940642565,0.168688129795,0.114335019699
min,0.295419999456,0.447399998903,0.65746256609,0.730670273304
25%,0.700559999943,0.712399999142,0.697182093096,0.746579415798
50%,0.736279999733,0.730899999619,0.752310672235,0.770002150536
75%,0.756379999352,0.737599999905,0.853135321331,0.826789078712
max,0.772139999104,0.744300001621,1.87693471527,1.50289986801
