,acc,val_acc,loss,val_loss
count,158.0,158.0,158.0,158.0
mean,0.728033671257,0.73185126584,0.774453470503,0.776999635623
std,0.0512513157206,0.0327557453524,0.144493710916,0.0901704773564
min,0.434160006355,0.554100006223,0.639673913839,0.706914880134
25%,0.710590001011,0.726500000447,0.675001780284,0.721783867036
50%,0.745289999783,0.743749999315,0.72625383357,0.744083106223
75%,0.762524998925,0.752174999014,0.827053885368,0.792505147345
max,0.775499998409,0.757799998835,1.55638867743,1.27788179561
