,acc,val_acc,loss,val_loss
count,219.0,219.0,219.0,219.0
mean,0.732563013815,0.729348401836,0.76487741418,0.78102853731
std,0.0564025828578,0.0377248976315,0.152926796562,0.0983817520958
min,0.362380006205,0.502600006767,0.625315802506,0.714685055763
25%,0.71792000088,0.72335000053,0.662497583351,0.725573255055
50%,0.74925999926,0.742699999779,0.715339344804,0.743330866337
75%,0.769099998508,0.75194999896,0.813536396858,0.789612120315
max,0.783459997717,0.758399998933,1.70840493143,1.38028446293
