,acc,val_acc,loss,val_loss
count,232.0,232.0,232.0,232.0
mean,0.740725086971,0.728819396302,0.740237058664,0.776444932489
std,0.0573078048913,0.0364858379633,0.155581083386,0.094646599761
min,0.357140001537,0.484300000846,0.596975810373,0.715980643243
25%,0.72676500009,0.724899998888,0.63782515018,0.724937767342
50%,0.759070001125,0.741649999738,0.688344155499,0.739576448292
75%,0.778020001122,0.74980000025,0.783801353252,0.783375082374
max,0.791880001163,0.755900000691,1.72266130722,1.41236969686
