,index,acc,loss,val_acc,val_loss
count,726.0,726.0,726.0,726.0,726.0
mean,362.5,0.380739559229,2.36311744945,0.412846556474,2.29855967261
std,209.722435614,0.052141244955,0.271849714684,0.0371794594086,0.194763260661
min,0.0,0.04244,2.1135306468,0.1037,2.1687438941
25%,181.25,0.363735,2.18057420945,0.40605,2.19078869641
50%,362.5,0.39801,2.27248100543,0.42505,2.23043045044
75%,543.75,0.416595,2.44350198793,0.43515,2.32012975693
max,725.0,0.43126,4.3409162941,0.4409,4.03130086899
