,acc,val_acc,loss,val_loss
count,89.0,89.0,89.0,89.0
mean,0.707764269535,0.709634831392,0.821947305756,0.855460259111
std,0.0525154127547,0.026926601155,0.147958647697,0.0657032376887
min,0.413919998775,0.555599997878,0.704370102453,0.802491617918
25%,0.696620000386,0.707999999762,0.726060210299,0.825524217129
50%,0.725920000005,0.717700000048,0.768159080696,0.834333021522
75%,0.740399999499,0.722699997425,0.85661217401,0.85718727529
max,0.749059999514,0.733199999571,1.6203409677,1.2480540154
