,acc,val_acc,loss,val_loss
count,227.0,227.0,227.0,227.0
mean,0.720054272889,0.717634360595,0.797742408027,0.808571148166
std,0.0590982099167,0.0437057292747,0.15806253954,0.114624274617
min,0.321440001372,0.452799999535,0.659280624521,0.728758922338
25%,0.706369998586,0.714249998331,0.695848941123,0.742869165063
50%,0.739019999313,0.73330000174,0.745383596432,0.765743530571
75%,0.75646000067,0.741550000429,0.839182238722,0.818321860731
max,0.771320000529,0.749399998069,1.80924705954,1.47296371531
