,acc,val_acc,loss,val_loss
count,321.0,321.0,321.0,321.0
mean,0.310164485842,0.344653582594,2.72042986736,2.62053310311
std,0.107692731227,0.0988212154958,0.60903379673,0.55381378724
min,0.0118999999687,0.0118999999389,2.08825816917,2.19053397179
25%,0.255199998617,0.319199999571,2.25457958221,2.25202618599
50%,0.345059999704,0.386699997187,2.50838441467,2.37354645729
75%,0.394739999533,0.413200001717,2.98226478386,2.76220241547
max,0.430160000801,0.430400002003,4.60359403992,4.59921665192
