,acc,val_acc,loss,val_loss
count,175.0,175.0,175.0,175.0
mean,0.718127200844,0.710448571521,0.792083889673,0.836534750525
std,0.111693012775,0.0832688688351,0.30890171828,0.227521742302
min,0.177980003673,0.290000003666,0.478099630463,0.670242762804
25%,0.67973999784,0.696799995303,0.566512725234,0.695372469008
50%,0.754959998822,0.746399995446,0.693329936492,0.732988122582
75%,0.796470002985,0.761850001633,0.914939823306,0.879808380961
max,0.826500003839,0.771999999285,2.20267946367,1.99474206352
