,acc,val_acc,loss,val_loss
count,110.0,110.0,110.0,110.0
mean,0.743831455882,0.724032726978,0.729374016415,0.807509264924
std,0.0923681309516,0.0561909533737,0.259150201427,0.152692791535
min,0.289900002465,0.441199995339,0.483449018312,0.699167876244
25%,0.714719997001,0.718824996859,0.54375762246,0.724514402539
50%,0.773520002449,0.746999996662,0.645445033842,0.745232633173
75%,0.808480003577,0.756275001884,0.825154582936,0.81603756699
max,0.828200000381,0.764900000691,1.95516599035,1.59670274878
