,acc,val_acc,loss,val_loss
count,303.0,303.0,303.0,303.0
mean,0.205282243775,0.260491089002,3.29980643421,3.09144436196
std,0.0896480205203,0.100326535972,0.548181912587,0.597318930404
min,0.00965999982879,0.0130999997631,2.6443790369,2.4353230238
25%,0.140860000089,0.198599999696,2.83855138874,2.59976360083
50%,0.225579998791,0.290599998236,3.1515261507,2.90199060917
75%,0.281929999471,0.345350000858,3.6386117897,3.43566491127
max,0.321040001094,0.375,4.60662819862,4.60307011604
