,acc,val_acc,loss,val_loss
count,72.0,72.0,72.0,72.0
mean,0.769103054379,0.739258333014,0.644676338407,0.788704311297
std,0.0696199882583,0.03091068328,0.200566810043,0.0727436065234
min,0.406279999115,0.56509999752,0.481869728863,0.737336237431
25%,0.754709999979,0.743675001562,0.518158580728,0.758935203478
50%,0.791509998322,0.748999999762,0.574895760506,0.769214069545
75%,0.810889998227,0.752999999821,0.687613485143,0.784645596594
max,0.824899996161,0.758700000048,1.6417242837,1.21146067739
