,acc,val_acc,loss,val_loss
count,99.0,99.0,99.0,99.0
mean,0.792886464475,0.711222222064,0.61370706358,0.917257725294
std,0.104793252559,0.0509021725516,0.274707507347,0.108038940691
min,0.267980000503,0.40929999882,0.338050236911,0.823859835505
25%,0.759009999967,0.714099999666,0.416733809313,0.849749680549
50%,0.82421999979,0.730500000477,0.533278353393,0.886588762879
75%,0.864359999776,0.733350000262,0.718576699591,0.950717324197
max,0.893739999819,0.738099998713,1.88806949654,1.5598249321
