,index,acc,loss,val_acc,val_loss
count,176.0,176.0,176.0,176.0,176.0
mean,87.5,0.404109204545,2.21035459723,0.410730681818,2.30401389485
std,50.9509568114,0.0714741773265,0.38921391594,0.0438219393402,0.230044388679
min,0.0,0.05128,1.87251026726,0.1113,2.19427277088
25%,43.75,0.380685,1.95060980916,0.4151,2.21037445426
50%,87.5,0.42741,2.07768677807,0.42605,2.22097832441
75%,131.25,0.452465,2.32527052069,0.429925,2.27733287811
max,175.0,0.47218,4.30784970284,0.4362,3.90001841545
