,acc,val_acc,loss,val_loss
count,256.0,256.0,256.0,256.0
mean,0.750072499199,0.731246874894,0.716794647129,0.776584242883
std,0.0637900319754,0.0397851945372,0.173547466948,0.104282772534
min,0.303660000667,0.453899995983,0.56455701226,0.714228369892
25%,0.734205001235,0.727625000924,0.604211673275,0.72289256528
50%,0.77028999877,0.745650001466,0.661973082662,0.736734874547
75%,0.790214997798,0.753125000149,0.764438929781,0.783161324337
max,0.804059998035,0.759699998498,1.87547739244,1.51158375263
