,acc,val_acc,loss,val_loss
count,76.0,76.0,76.0,76.0
mean,0.01810473684,0.0268671051952,4.56890266328,4.55559465659
std,0.00536972733596,0.00884555463269,0.0400433733317,0.0540266378412
min,0.00906000000983,0.0104999999702,4.47099142838,4.42136552811
25%,0.0134749999065,0.0201250000671,4.54547916126,4.52504691601
50%,0.0176700000726,0.0271999999136,4.58655123901,4.58021033287
75%,0.0224200000092,0.0348999997601,4.59993381691,4.59789918423
max,0.0293799999058,0.0390999998152,4.61236199951,4.60767374039
