,acc,val_acc,loss,val_loss
count,149.0,149.0,149.0,149.0
mean,0.710040805231,0.713449664628,0.827597021243,0.819640390587
std,0.061227573197,0.0415202829044,0.161838102688,0.110572040486
min,0.322959999745,0.456599997878,0.682319468164,0.73655862546
25%,0.6950400002,0.708499998689,0.723895854712,0.753862404943
50%,0.728500000644,0.726800000191,0.777543541098,0.782456799626
75%,0.748200000191,0.737500000238,0.873056407785,0.833587801814
max,0.761959999847,0.74539999938,1.80016503019,1.4867118783
