,acc,val_acc,loss,val_loss
count,68.0,68.0,68.0,68.0
mean,0.744997647211,0.732166176764,0.712645215125,0.791166069608
std,0.0802560477809,0.0439495189757,0.227713471335,0.115276760213
min,0.375219999409,0.522699998617,0.51178111155,0.717841791868
25%,0.722374999535,0.728725000858,0.558960965925,0.73594884488
50%,0.772770001268,0.747499999523,0.632600511265,0.74691762054
75%,0.79710500083,0.755624999702,0.784754271233,0.791736443639
max,0.814160001278,0.763799998522,1.69759791689,1.3496308341
