,acc,val_acc,loss,val_loss
count,59.0,59.0,59.0,59.0
mean,0.0154898304813,0.0195440677197,4.5891681503,4.58449104455
std,0.00278623556362,0.0028848755964,0.017052553584,0.0223752102552
min,0.00987999997195,0.0124000000767,4.54288801956,4.5216617775
25%,0.0133399999673,0.0175500000734,4.58152777481,4.57534351826
50%,0.0157599999756,0.0205999996699,4.5962478199,4.59396213531
75%,0.01775999997,0.0220499997959,4.60150675678,4.60076487064
max,0.0201200000048,0.0228999997675,4.61015428925,4.60678020477
