,acc,val_acc,loss,val_loss
count,214.0,214.0,214.0,214.0
mean,0.74208289724,0.731672897107,0.738834442106,0.773978110184
std,0.0633100884873,0.041655236176,0.172603786409,0.10888233631
min,0.315699999517,0.465900000811,0.583594976568,0.70328156662
25%,0.724260000062,0.723600000143,0.623663432968,0.713100738645
50%,0.762989999819,0.746499998569,0.682838666391,0.732359134793
75%,0.783119999766,0.756874998689,0.791322899222,0.783951433539
max,0.797479999828,0.764299999237,1.83608928261,1.46054617977
