,acc,val_acc,loss,val_loss
count,201.0,201.0,201.0,201.0
mean,0.299346865607,0.337663681462,2.78059678054,2.65236231166
std,0.1050585568,0.0975206030222,0.600245453923,0.559122918054
min,0.0126999999695,0.0206000000611,2.15349039173,2.20610585213
25%,0.244519998789,0.30629999876,2.32465221214,2.27205844879
50%,0.334399999619,0.379699999094,2.58335428619,2.41991793633
75%,0.381959999561,0.405100002289,3.05616099358,2.80956679344
max,0.414140000105,0.42089999795,4.60435197449,4.6005928421
