,acc,val_acc,loss,val_loss
count,690.0,690.0,690.0,690.0
mean,0.203890840482,0.257946811411,3.34083577397,3.14688309176
std,0.0873008824173,0.0985112286889,0.529263467411,0.577362373255
min,0.00960000002384,0.0098000000231,2.70722388649,2.51117063522
25%,0.144104999542,0.200399999321,2.91299164057,2.69161036015
50%,0.227210000515,0.288949999809,3.17852455235,2.95385503769
75%,0.276605000436,0.335350003242,3.66124607229,3.4677744031
max,0.315919998646,0.372300004959,4.61220837021,4.60538442612
