,acc,val_acc,loss,val_loss
count,85.0,85.0,85.0,85.0
mean,0.754295764601,0.689110588012,0.712129232384,0.942957552657
std,0.113205667859,0.0686730506712,0.295353713229,0.148659990674
min,0.238299999693,0.289999998212,0.418237248123,0.847133194804
25%,0.723300000143,0.685500002384,0.505076544702,0.872612533808
50%,0.790500001812,0.717000003099,0.61976645472,0.902839230061
75%,0.831799999857,0.724300001383,0.81679119997,0.939785710573
max,0.860639999104,0.731300001144,2.00474466457,1.90323971415
