,acc,val_acc,loss,val_loss
count,127.0,127.0,127.0,127.0
mean,0.221477165291,0.245192913712,3.08086192745,3.0132371943
std,0.0748936492189,0.07022486141,0.437624615389,0.396664919555
min,0.0144800000973,0.0190999998897,2.62680047607,2.65594215393
25%,0.182979999661,0.216449999511,2.75161545563,2.73603869915
50%,0.24803999877,0.271999999285,2.941991745,2.86759790421
75%,0.280900001407,0.297250000834,3.27051615143,3.15365236282
max,0.305519999504,0.312199999094,4.56985066986,4.44422693253
