,index,acc,loss,val_acc,val_loss
count,455.0,455.0,455.0,455.0,455.0
mean,227.0,0.780112131868,0.623246155579,0.753574285714,0.718229427939
std,131.491444589,0.0471487370074,0.137311587152,0.0245510297093,0.0663483139147
min,0.0,0.41784,0.491759080021,0.5434,0.681306656659
25%,113.5,0.76536,0.529294836597,0.75115,0.685867043242
50%,227.0,0.79468,0.580176866466,0.762,0.693275099128
75%,340.5,0.81141,0.669499036679,0.76645,0.718322013289
max,454.0,0.82444,1.59573150795,0.7709,1.28861289024
