,acc,val_acc,loss,val_loss
count,75.0,75.0,75.0,75.0
mean,0.778721064316,0.707110668099,0.647938065089,0.902207428511
std,0.098175300431,0.0447670491103,0.258759707968,0.0945299478979
min,0.325060005952,0.478800006464,0.379298550978,0.825265615277
25%,0.745559999727,0.705700001292,0.462455446948,0.847846273698
50%,0.808099996525,0.72580000104,0.573442786653,0.872231823139
75%,0.846089994508,0.729500000589,0.749418287542,0.925730512121
max,0.874699993479,0.733600001171,1.77182586679,1.40147231394
