,acc,val_acc,loss,val_loss
count,101.0,101.0,101.0,101.0
mean,0.759019800927,0.736216831491,0.689206081352,0.779522431248
std,0.0836758153835,0.0492212390371,0.233912322358,0.128088301301
min,0.326479999699,0.461799997687,0.49245503664,0.696888903379
25%,0.735460000873,0.732800004482,0.530868113279,0.714601819813
50%,0.790019997954,0.755299997926,0.600298573017,0.73061080128
75%,0.814479998112,0.763099998236,0.762119703293,0.774986966848
max,0.828039997816,0.772199998498,1.84167061615,1.50129106522
