,acc,val_acc,loss,val_loss
count,368.0,368.0,368.0,368.0
mean,0.290510217303,0.337545108777,2.80313376808,2.61317347257
std,0.0518475497214,0.0510983914646,0.28634037708,0.277272927052
min,0.0200999998972,0.0263000001758,2.54424612045,2.38474654198
25%,0.27362999776,0.323524997234,2.6135929575,2.43814110518
50%,0.307140000939,0.355250002146,2.7062256012,2.51317079067
75%,0.326670000911,0.369725001454,2.88154473305,2.6673917985
max,0.339259999275,0.384900000095,4.49380316162,4.35648878098
