,acc,val_acc,loss,val_loss
count,751.0,751.0,751.0,751.0
mean,0.200101144964,0.256328495338,3.364919492,3.17586613032
std,0.0850355489957,0.097698260935,0.513095147024,0.554355176224
min,0.0101200000346,0.00979999994859,2.75155496979,2.56248573303
25%,0.143720000327,0.200900000334,2.94733611774,2.73929681301
50%,0.223739999294,0.289899997711,3.20806711006,2.98146945953
75%,0.270729999304,0.332599996328,3.67362280941,3.4772996664
max,0.308360002756,0.367300002575,4.61372859955,4.60431472778
