,acc,val_acc,loss,val_loss
count,101.0,101.0,101.0,101.0
mean,0.756286137528,0.737286138658,0.701955967487,0.776541191877
std,0.0833435950136,0.0496783410898,0.229184069478,0.130128772005
min,0.328619999096,0.486199995577,0.51646999824,0.690726901293
25%,0.736000001311,0.73490000248,0.552856144428,0.712720099092
50%,0.787939998031,0.756800002456,0.608092770755,0.724974157512
75%,0.811579999566,0.76539999783,0.764255880833,0.770195871592
max,0.824439998746,0.773299998045,1.84797649598,1.46139427304
