,acc,val_acc,loss,val_loss
count,238.0,238.0,238.0,238.0
mean,0.713016134446,0.721450420507,0.818578566553,0.804148320382
std,0.0583780725062,0.0406505099194,0.162709678116,0.112637801469
min,0.324479999447,0.471000000477,0.665120464802,0.719101474285
25%,0.696555000925,0.71635000217,0.709948080027,0.736628619194
50%,0.729610000229,0.73504999733,0.770821299028,0.764424377203
75%,0.750400000548,0.744500002742,0.868011283612,0.824000036001
max,0.76621999855,0.753299999237,1.85954118366,1.4706832819
