,acc,val_acc,loss,val_loss
count,50.0,50.0,50.0,50.0
mean,0.694226400135,0.694394000303,0.873549490766,0.901129782946
std,0.0553486629451,0.0265561048044,0.151471064253,0.0615728325047
min,0.442460001479,0.571000001431,0.748990928304,0.84995813036
25%,0.681299999717,0.692100000367,0.776214529195,0.869537703909
50%,0.713799999875,0.701749999613,0.816855462116,0.884563913077
75%,0.729465000457,0.708000000492,0.909069659865,0.899572743639
max,0.738700000513,0.717799999893,1.5435312489,1.18273253763
