,acc,val_acc,loss,val_loss
count,224.0,224.0,224.0,224.0
mean,0.242708660693,0.295673660847,3.07202806999,2.86951604596
std,0.0577863324892,0.0628851345928,0.333722152111,0.347153288008
min,0.0122800000161,0.0197000002302,2.76329839897,2.55088533878
25%,0.222369999796,0.277699999958,2.8432362361,2.63467061996
50%,0.262849999279,0.316700001061,2.9559690299,2.74049291611
75%,0.283989999533,0.338024996221,3.17452646971,2.96323349714
max,0.299980000019,0.355900001526,4.61586156273,4.52311709404
