,acc,val_acc,loss,val_loss
count,465.0,465.0,465.0,465.0
mean,0.244930322674,0.292302580636,3.07995241674,2.89816232345
std,0.100265552151,0.105238740057,0.58880515001,0.607464271757
min,0.00993999998458,0.0134999998286,2.39374363422,2.28079411507
25%,0.176299999356,0.232300001085,2.60208568287,2.4235348177
50%,0.272459999859,0.330199999809,2.90105069923,2.66907852173
75%,0.329579999566,0.376400005221,3.43027823544,3.20792129517
max,0.370239997387,0.406300000548,4.60764343452,4.60415426254
