,acc,val_acc,loss,val_loss
count,140.0,140.0,140.0,140.0
mean,0.708050713776,0.716999284829,0.834764143631,0.822581092928
std,0.0591083230858,0.0422413387621,0.163364826966,0.116046974033
min,0.376439999434,0.500699999392,0.679528497136,0.729810870051
25%,0.690734998196,0.711449997813,0.722916558233,0.750173495606
50%,0.726459998715,0.733199997246,0.781973563564,0.776133237988
75%,0.747620000535,0.743349998802,0.890688733852,0.837881802827
max,0.761860000062,0.750300000906,1.70396040268,1.38887706709
