,acc,val_acc,loss,val_loss
count,287.0,287.0,287.0,287.0
mean,0.258376167226,0.271114982693,2.91118288369,2.90906230006
std,0.0740718304923,0.0628418524487,0.425573099363,0.353185498417
min,0.0111800000072,0.0171999999508,2.4698132515,2.63101583004
25%,0.224940000117,0.253950002044,2.59998683643,2.6736934638
50%,0.280960001707,0.294799998999,2.77772102261,2.77635239124
75%,0.313839999795,0.314449999928,3.0854854784,2.99084397316
max,0.341639996409,0.328000004888,4.61499925041,4.58261991501
