,acc,val_acc,loss,val_loss
count,345.0,345.0,345.0,345.0
mean,0.321469217341,0.379782898428,2.67139813995,2.46839677502
std,0.0506278545969,0.0426319938608,0.27042001,0.2313226036
min,0.0346599998474,0.112499999851,2.41266557598,2.27931992292
25%,0.30249999994,0.368400000334,2.4820672226,2.32236127853
50%,0.335820001543,0.393699999452,2.58851033878,2.38761710644
75%,0.357259999275,0.407299999595,2.76411884499,2.51500115395
max,0.372419999719,0.418000001311,4.40217706299,3.94411721706
