,acc,val_acc,loss,val_loss
count,51.0,51.0,51.0,51.0
mean,0.673406666516,0.686692156658,0.931187366765,0.915747374841
std,0.049709844788,0.028509926569,0.135337032036,0.0715817482479
min,0.434960001238,0.558700001597,0.820491120434,0.856117995799
25%,0.663449999887,0.686599999249,0.851103782028,0.880027849212
50%,0.691319999838,0.694899999619,0.884069199562,0.890852042258
75%,0.703979999787,0.702949999243,0.960669100726,0.914546311274
max,0.712780000472,0.711800000072,1.56282202179,1.2393689003
