,acc,val_acc,loss,val_loss
count,244.0,244.0,244.0,244.0
mean,0.734262705588,0.725372950382,0.762458148622,0.791359144739
std,0.0656809837291,0.0442298397939,0.177754400879,0.116643114543
min,0.267840002881,0.42079999733,0.605602575147,0.718966973424
25%,0.717219997025,0.721250000268,0.645075992095,0.731375241548
50%,0.755340000975,0.740899999022,0.707137199414,0.747727964759
75%,0.775465001875,0.749250000715,0.815453428298,0.799694743454
max,0.789880003834,0.754700001597,1.95537179956,1.59361938596
