,acc,val_acc,loss,val_loss
count,161.0,161.0,161.0,161.0
mean,0.231297018623,0.284644719788,3.12991237077,2.92302193002
std,0.0618271229429,0.0686483846223,0.356436925984,0.376542487477
min,0.0156600000374,0.0221999998949,2.79705831242,2.58859669209
25%,0.206480000556,0.260399999321,2.87852582073,2.66813752174
50%,0.252979999602,0.308700002432,3.00549860001,2.78966640949
75%,0.276680000782,0.332500002384,3.25422410393,3.04910974026
max,0.293779999137,0.348699995279,4.60919954681,4.48742531776
