,index,acc,loss,val_acc,val_loss
count,186.0,186.0,186.0,186.0,186.0
mean,92.5,0.389702150538,2.2855152812,0.40476827957,2.34007400328
std,53.8377191196,0.067153910125,0.369593299385,0.0423720281809,0.221602643417
min,0.0,0.0463,1.96949118137,0.1261,2.22107170105
25%,46.25,0.37156,2.04009916043,0.4089,2.23621782303
50%,92.5,0.41242,2.15675984621,0.4202,2.25233948708
75%,138.75,0.435465,2.3823508873,0.424175,2.32854359388
max,185.0,0.44966,4.33377402687,0.4306,3.84984700203
