,acc,val_acc,loss,val_loss
count,471.0,471.0,471.0,471.0
mean,0.272435286839,0.318734819364,2.95979858594,2.80327097494
std,0.0983664288667,0.0990114699451,0.562411416339,0.554435458552
min,0.0103399999812,0.0150999999046,2.3252506218,2.27821817398
25%,0.217380000591,0.27409999609,2.51952370071,2.39634741306
50%,0.299739999056,0.353500001431,2.79330480576,2.59180594444
75%,0.352470001101,0.394049999714,3.23244892216,3.0281526041
max,0.391039998055,0.420399996042,4.60703536606,4.60201583862
