,acc,val_acc,loss,val_loss
count,271.0,271.0,271.0,271.0
mean,0.280523172929,0.334756088356,2.84757941973,2.64041639397
std,0.0493526656637,0.0502766203866,0.27164308825,0.26647548442
min,0.0273399998844,0.0603999998793,2.61440909958,2.42084777355
25%,0.267079998493,0.322799999416,2.67424826765,2.4724294138
50%,0.296519999981,0.352399999499,2.75541161251,2.55394857883
75%,0.313720000565,0.367699999511,2.91483378601,2.69368868113
max,0.325599999189,0.378899996877,4.4128403492,4.18881978989
