,index,acc,loss,val_acc,val_loss
count,793.0,793.0,793.0,793.0,793.0
mean,396.0,0.368931071879,2.42829516239,0.41011740227,2.31383050447
std,229.063673826,0.0522485229213,0.276878214395,0.042927747317,0.218320357376
min,0.0,0.02956,2.16596413612,0.0565,2.15361464024
25%,198.0,0.35112,2.24040465355,0.4029,2.18867070675
50%,396.0,0.38426,2.34424594879,0.4245,2.23891179562
75%,594.0,0.40546,2.5171189642,0.4356,2.34916543961
max,792.0,0.42302,4.47989741325,0.4438,4.19427189827
