,index,acc,loss,val_acc,val_loss
count,213.0,213.0,213.0,213.0,213.0
mean,106.0,0.412701596244,2.18065663114,0.40445258216,2.35394504686
std,61.6319722222,0.0823388433478,0.448118687598,0.049026525891,0.259545133807
min,0.0,0.0288,1.76510736704,0.0846,2.2158339262
25%,53.0,0.3841,1.86716501713,0.4059,2.23340520859
50%,106.0,0.44038,2.0260797739,0.4227,2.25134818554
75%,159.0,0.47108,2.3232679987,0.4289,2.32870206833
max,212.0,0.4943,4.4785824585,0.4358,4.12895283699
