,acc,val_acc,loss,val_loss
count,109.0,109.0,109.0,109.0
mean,0.776348624858,0.696653208785,0.655327417231,0.942359804932
std,0.112456775241,0.0591650060527,0.298926112826,0.130693941134
min,0.209020003314,0.354200001121,0.360984487277,0.843560723424
25%,0.743779997969,0.701299993038,0.445736228514,0.869078097701
50%,0.809340003705,0.720199999571,0.568657794178,0.901616077423
75%,0.851580002689,0.722899998069,0.761021149969,0.963748975396
max,0.880379999471,0.726600002527,2.10625640278,1.72870628357
