,acc,val_acc,loss,val_loss
count,89.0,89.0,89.0,89.0
mean,0.791264940865,0.705815731869,0.606611917643,0.949909340333
std,0.0985804931181,0.0409335699979,0.260832284938,0.089950034468
min,0.321460005718,0.473800006919,0.341804770001,0.858761476092
25%,0.757339999181,0.710900001347,0.416673477205,0.882013092861
50%,0.822479995519,0.721500001229,0.529889196549,0.922773216814
75%,0.860819993669,0.724200001635,0.71000576712,0.998196472323
max,0.886639992911,0.728000000931,1.76464729755,1.39690818644
