,acc,val_acc,loss,val_loss
count,76.0,76.0,76.0,76.0
mean,0.74836368335,0.732032895178,0.70347134749,0.78381679751
std,0.0767828706828,0.040078018739,0.216935212075,0.106041357795
min,0.374919998884,0.516699997783,0.51012559998,0.720729266107
25%,0.7287200014,0.731900001466,0.559769415632,0.736403568313
50%,0.774479999125,0.745800000429,0.625910739869,0.746080147624
75%,0.797399996758,0.752125002444,0.764337126553,0.770423070341
max,0.813679997444,0.758200001121,1.69653711367,1.35175000072
