,acc,val_acc,loss,val_loss
count,1000.0,1000.0,1000.0,1000.0
mean,0.162119259997,0.211453599993,3.58359452615,3.40764693469
std,0.0727054671217,0.0864687770228,0.458606047554,0.511760436531
min,0.0094399999138,0.00560000012629,3.00401071453,2.78809022427
25%,0.107754999928,0.154124997929,3.19497121572,2.97806961536
50%,0.1772900002,0.233200000823,3.46714720726,3.26778722286
75%,0.2257299992,0.28542500183,3.8944397974,3.73580145001
max,0.26110000217,0.31940000236,4.61629147911,4.60710248947
