,acc,val_acc,loss,val_loss
count,76.0,76.0,76.0,76.0
mean,0.771274208443,0.704403948937,0.670356411549,0.909023915281
std,0.0983791751295,0.0461485715754,0.259388231006,0.0959125885077
min,0.316540005754,0.456800006032,0.405184541754,0.834266732957
25%,0.737995000201,0.704925001308,0.485080314364,0.85398241894
50%,0.802569996779,0.723150000822,0.59115626724,0.880743781226
75%,0.838904994811,0.728175000891,0.772392905931,0.924204651149
max,0.865179993927,0.732800000809,1.79183977035,1.44271702349
