,acc,val_acc,loss,val_loss
count,100.0,100.0,100.0,100.0
mean,0.719714600131,0.621128998609,0.78423907944,1.26527409481
std,0.209798644553,0.135252664442,0.542576611704,0.296475198373
min,0.108320003089,0.177300003916,0.222060955784,0.897175115347
25%,0.634794999975,0.609575003147,0.360815771699,1.07178607306
50%,0.795960003459,0.679299996495,0.59779645108,1.19782664651
75%,0.876694999182,0.708724996448,1.05033246492,1.37212839466
max,0.924259997201,0.721799993992,2.30074589739,2.29666977119
