,acc,val_acc,loss,val_loss
count,50.0,50.0,50.0,50.0
mean,0.656013199959,0.678881999748,0.980136193934,0.936439413552
std,0.0508359637492,0.0298065642984,0.136456192841,0.0745751915039
min,0.416740001646,0.543100002885,0.868395711851,0.865813744456
25%,0.645084999584,0.673525001034,0.894753638825,0.894444927141
50%,0.673479999819,0.686949999005,0.933548219925,0.909850078732
75%,0.687024999595,0.696674999774,1.01469993026,0.944340633899
max,0.695799999547,0.704399999559,1.60473719153,1.26194451535
