,acc,val_acc,loss,val_loss
count,51.0,51.0,51.0,51.0
mean,0.673406666571,0.689111764665,0.930819451389,0.911550669276
std,0.0503986452354,0.025140729021,0.136930855392,0.0618601845266
min,0.422480002011,0.572300000966,0.817191012937,0.865289760053
25%,0.663709999722,0.687500000298,0.849184636402,0.877250932992
50%,0.690699999285,0.69419999969,0.887570591259,0.898978304625
75%,0.702349999648,0.70380000025,0.960784561983,0.908762999773
max,0.713239999104,0.714700000823,1.58561673145,1.21055200887
