,acc,val_acc,loss,val_loss
count,54.0,54.0,54.0,54.0
mean,0.728378148264,0.717842591903,0.763594695067,0.835829014641
std,0.0657258834119,0.0402209349452,0.188390641044,0.0997630793065
min,0.421979999174,0.538100000501,0.595272087133,0.770008972228
25%,0.710299999356,0.716974999636,0.64419248369,0.790904144287
50%,0.751320000577,0.732749999523,0.700078072339,0.797309458107
75%,0.769115000588,0.738950000942,0.818450944287,0.827940492675
max,0.78464000206,0.747700000167,1.60423994021,1.27907323873
