,acc,val_acc,loss,val_loss
count,218.0,218.0,218.0,218.0
mean,0.276891008685,0.334664220054,2.872423214,2.65762010349
std,0.0515885860981,0.0517076630106,0.283240265313,0.273646221784
min,0.0294799999185,0.072500000149,2.61444537926,2.42348293781
25%,0.257924998596,0.320149999484,2.67901153779,2.47628539681
50%,0.294309999526,0.354900000989,2.77624579525,2.55635752916
75%,0.313650000781,0.369274999797,2.95972630596,2.72758690476
max,0.327460000634,0.379899999499,4.39624251175,4.10427856922
