,acc,val_acc,loss,val_loss
count,87.0,87.0,87.0,87.0
mean,0.765104367827,0.735847125815,0.655397286362,0.78581495854
std,0.0789950264043,0.0403639918763,0.225580534064,0.100944898511
min,0.372299999762,0.52070000267,0.455568097973,0.718103235245
25%,0.745700000191,0.733099999428,0.5012570683,0.740479437828
50%,0.793160000038,0.752000002861,0.575285529423,0.751277667522
75%,0.817859999704,0.756299999237,0.720584598255,0.783649670839
max,0.832480000305,0.764400000572,1.71514459534,1.3439529686
