,acc,val_acc,loss,val_loss
count,174.0,174.0,174.0,174.0
mean,0.706349884287,0.693046549673,0.836681906068,0.875907403518
std,0.0697560975427,0.0610662463771,0.185709556942,0.160014307755
min,0.27204000289,0.384599999905,0.673793705869,0.741511541963
25%,0.690334996372,0.6799249973,0.717273886564,0.776468594939
50%,0.728729998374,0.714949996352,0.777507658923,0.814808835268
75%,0.750164998949,0.731024998486,0.889194346535,0.911562516987
max,0.767800002789,0.744499998331,1.95572651095,1.68250813198
