,index,acc,loss,val_acc,val_loss
count,130.0,130.0,130.0,130.0,130.0
mean,64.5,0.364739384615,2.40430119946,0.383423076923,2.4341619802
std,37.6718285549,0.0525133598321,0.290749375259,0.0310134992825,0.15860570578
min,0.0,0.07284,2.17399555349,0.1716,2.35454018593
25%,32.25,0.35499,2.22930621946,0.386425,2.37204219371
50%,64.5,0.38268,2.30420333505,0.39305,2.38519520938
75%,96.75,0.396455,2.46243578196,0.395875,2.40910016
max,129.0,0.40888,4.11528774881,0.404,3.53136051893
