,acc,val_acc,loss,val_loss
count,54.0,54.0,54.0,54.0
mean,0.015253703703,0.0207148148271,4.58535136392,4.57831504257
std,0.00314918098,0.0037048875287,0.0229493260618,0.0312447572335
min,0.00929999996722,0.00949999999255,4.52602199173,4.4974520874
25%,0.0127850000011,0.0185999997146,4.57476410103,4.56524325848
50%,0.0150400000215,0.0220499999821,4.59551529694,4.59323039055
75%,0.0180899999961,0.023574999962,4.60189520454,4.60091522217
max,0.0211600000188,0.0254999999702,4.60859381866,4.60573057175
