,index,acc,loss,val_acc,val_loss
count,399.0,399.0,399.0,399.0,399.0
mean,199.0,0.528601704261,1.48694901754,0.533640350877,1.5004962435
std,115.325625947,0.0503026928468,0.176953956213,0.0319397084482,0.112016638925
min,0.0,0.19602,1.30443291063,0.2986,1.41333740902
25%,99.5,0.51112,1.36234552894,0.5292,1.43331369162
50%,199.0,0.54184,1.43619019566,0.5437,1.4625907402
75%,298.5,0.56369,1.55064803934,0.5527,1.51956264257
max,398.0,0.58034,2.61213972244,0.5607,2.29893652344
