,acc,val_acc,loss,val_loss
count,59.0,59.0,59.0,59.0
mean,0.737396271184,0.72694745794,0.736095987102,0.804123357478
std,0.0710369668851,0.0365307543607,0.201851056943,0.0912868432538
min,0.402259999806,0.537199998856,0.564234375572,0.745732395172
25%,0.722049999952,0.728099997997,0.605521650672,0.764220216751
50%,0.758099999905,0.739800002575,0.671313024807,0.774238976955
75%,0.782400000286,0.744949997663,0.786575819254,0.794090476036
max,0.796840000057,0.751199999809,1.65102749615,1.2933971014
