,acc,val_acc,loss,val_loss
count,103.0,103.0,103.0,103.0
mean,0.760073008913,0.688368933808,0.697581678079,0.953681237321
std,0.109861619,0.0547508217309,0.287941358853,0.12062012749
min,0.214120000549,0.383099999428,0.412834605753,0.871882815957
25%,0.724740000427,0.688950003684,0.495601905018,0.887508033812
50%,0.795159997821,0.711600000858,0.609910299659,0.919987618923
75%,0.834579998136,0.715500003099,0.802509828418,0.9684207353
max,0.862939997911,0.720100000501,2.05749976993,1.70750474691
