,acc,val_acc,loss,val_loss
count,73.0,73.0,73.0,73.0
mean,0.724589588944,0.725320547785,0.813533165183,0.823062040065
std,0.0718460913686,0.0452006332241,0.185750551386,0.110870696749
min,0.356519999851,0.509499997854,0.683989145303,0.744523210526
25%,0.716320000029,0.721200000525,0.709936018229,0.769912192464
50%,0.753260000086,0.744,0.742652682281,0.786695587873
75%,0.7657599998,0.749199999094,0.830996699047,0.81628841877
max,0.775179999828,0.760799998045,1.7580642107,1.38647780442
