,acc,val_acc,loss,val_loss
count,107.0,107.0,107.0,107.0
mean,0.763544113374,0.739612149166,0.659676130987,0.780926690787
std,0.0664680172423,0.0314457239307,0.190670556751,0.0786444206662
min,0.398039999457,0.549700000703,0.495663260597,0.72734719789
25%,0.747869999945,0.740699999034,0.533956107289,0.747697489262
50%,0.78782000246,0.749999999285,0.594456097507,0.758124684155
75%,0.80681000272,0.754349998832,0.709064185035,0.772950883955
max,0.821460002351,0.762700000763,1.64892526033,1.29080828595
