,acc,val_acc,loss,val_loss
count,341.0,341.0,341.0,341.0
mean,0.250405219943,0.263577419038,2.93713945329,2.91356869235
std,0.0740476603886,0.0643303835532,0.425827709663,0.362193715832
min,0.0122800000738,0.0208999999799,2.49271805,2.63058940411
25%,0.218699999571,0.244699997306,2.62814545441,2.68350986481
50%,0.275059999287,0.289200004935,2.79536310482,2.76566026688
75%,0.306540001035,0.306200003624,3.103178442,2.99123471737
max,0.332999999642,0.321200001836,4.6956001358,4.52548000336
