,index,acc,loss,val_acc,val_loss
count,642.0,642.0,642.0,642.0,642.0
mean,320.5,0.356933925234,2.4908650332,0.39891635514,2.38496411419
std,185.473717815,0.049276690719,0.261923424274,0.0406919713698,0.212178637404
min,0.0,0.03218,2.25477302551,0.0904,2.22683906555
25%,160.25,0.342265,2.32030955911,0.392725,2.26380332112
50%,320.5,0.37298,2.40649201775,0.41265,2.3131286025
75%,480.75,0.389245,2.56252102423,0.4224,2.41826483607
max,641.0,0.40402,4.44423927498,0.4288,4.12343743324
