,acc,val_acc,loss,val_loss
count,244.0,244.0,244.0,244.0
mean,0.290381967138,0.338463114474,2.80392814535,2.6196028267
std,0.0568940426355,0.0577101074191,0.312238250426,0.309365661402
min,0.0228800001368,0.0336000004038,2.52790216732,2.3588998127
25%,0.273349999443,0.324275000244,2.59906907439,2.42543810248
50%,0.310609998763,0.358100000024,2.69566913366,2.51018155813
75%,0.329025001138,0.376100001484,2.88894808006,2.68832224131
max,0.344220000625,0.39130000174,4.47491742897,4.33664461136
