,acc,val_acc,loss,val_loss
count,69.0,69.0,69.0,69.0
mean,0.756324348757,0.685428984173,0.705177610784,0.955441956631
std,0.109129675222,0.0615780133832,0.285025572594,0.136146874545
min,0.257780002529,0.389399999022,0.431564202899,0.857732136607
25%,0.727499998951,0.689499997377,0.509297600383,0.888676584959
50%,0.788940002322,0.709199995637,0.620480524981,0.921295161366
75%,0.829460001683,0.716799999118,0.799143808186,0.952453691363
max,0.855600001287,0.721099997282,1.93582755904,1.61990550494
