,acc,val_acc,loss,val_loss
count,80.0,80.0,80.0,80.0
mean,0.767817249969,0.73054500013,0.645755805765,0.80255300976
std,0.0748190817704,0.0505936902548,0.214402676929,0.135441035931
min,0.37478000083,0.4195,0.473052643585,0.738895860195
25%,0.752700000262,0.735199998617,0.508919530451,0.754021650791
50%,0.792459999275,0.746499998569,0.571401031446,0.763900019884
75%,0.81435500133,0.751575000167,0.688765658975,0.785816830158
max,0.827820000648,0.758200000286,1.7265166769,1.70013295746
