,acc,val_acc,loss,val_loss
count,264.0,264.0,264.0,264.0
mean,0.284154696879,0.293800378989,2.74341897111,2.79280066665
std,0.0744269834276,0.0611584465006,0.414814706429,0.32050952887
min,0.0148400000632,0.0210000003129,2.3339041605,2.57352473259
25%,0.252504998162,0.278424998745,2.44759999347,2.60542298913
50%,0.308759999275,0.31745000124,2.60780664539,2.65621731043
75%,0.339305002391,0.333350001425,2.89519984674,2.83799640656
max,0.364159999251,0.344699999094,4.55166068649,4.37284938812
