,acc,val_acc,loss,val_loss
count,83.0,83.0,83.0,83.0
mean,0.788585060312,0.704203614492,0.619354631834,0.934991539501
std,0.102488255914,0.0455610991642,0.269213292803,0.0950354425584
min,0.302380001903,0.445100001246,0.34862121913,0.844784358323
25%,0.752970000738,0.707149999827,0.425024670557,0.871782665297
50%,0.819660001206,0.721799999475,0.539798077649,0.90821783036
75%,0.86010999918,0.725600000352,0.723315080401,0.963644262686
max,0.886719997287,0.728899999499,1.79852267108,1.47181131887
