,acc,val_acc,loss,val_loss
count,74.0,74.0,74.0,74.0
mean,0.0148881081547,0.0194229730789,4.58197997866,4.57421745481
std,0.00386626705884,0.00795017964639,0.0284327905479,0.0383287405191
min,0.00897999999579,0.00740000014193,4.50110424042,4.46389245987
25%,0.0118950000638,0.0128000001307,4.57366412163,4.56311776638
50%,0.0138700000662,0.018200000003,4.59474270821,4.59217636585
75%,0.0180050000548,0.0275500001386,4.60142667055,4.60052176714
max,0.0221799999662,0.0333999998868,4.60981755257,4.6064084053
