,index,acc,loss,val_acc,val_loss
count,153.0,153.0,153.0,153.0,153.0
mean,76.0,0.402541176471,2.21441712153,0.40064248366,2.33851567806
std,44.3113980822,0.0633319637115,0.344823816339,0.0346961333596,0.181514220937
min,0.0,0.06428,1.92433119869,0.1531,2.24916107416
25%,38.0,0.38636,1.99160169649,0.4043,2.26961299419
50%,76.0,0.42344,2.09961637115,0.4112,2.28092361689
75%,114.0,0.44408,2.29101682663,0.4145,2.30445471525
max,152.0,0.45966,4.18894882774,0.4216,3.62062717438
