,acc,val_acc,loss,val_loss
count,175.0,175.0,175.0,175.0
mean,0.719683314189,0.73233999989,0.800146441167,0.776189529584
std,0.0531313891591,0.0361413113675,0.147551866292,0.102310325233
min,0.382679999159,0.510299998999,0.669552869654,0.703905753732
25%,0.707029999948,0.726849999368,0.703649022424,0.716500656188
50%,0.737559999132,0.745500000477,0.750879651618,0.7393183887
75%,0.752849999857,0.752649999499,0.839991714406,0.790173778474
max,0.765479999638,0.757899999857,1.68586765318,1.38143923903
