,acc,val_acc,loss,val_loss
count,70.0,70.0,70.0,70.0
mean,0.758229714127,0.698838571204,0.701193127562,0.91503024384
std,0.100014330261,0.0508948401806,0.261436394479,0.107562845967
min,0.306259999977,0.433499998689,0.434786627436,0.84614774704
25%,0.722335000467,0.697149999231,0.512085650358,0.864948245823
50%,0.788589999723,0.719299999952,0.624960240954,0.882254094422
75%,0.828755000412,0.726774999976,0.805001393682,0.909078730643
max,0.854960000467,0.731299998999,1.80816783657,1.5410908227
