,acc,val_acc,loss,val_loss
count,562.0,562.0,562.0,562.0
mean,0.260293095947,0.311515480507,3.02787624332,2.85413493888
std,0.0991788619269,0.103360961768,0.574451312612,0.585426021098
min,0.0100199998952,0.0133999999799,2.3900934124,2.28652791977
25%,0.202234999746,0.266199997813,2.56960167265,2.40572422743
50%,0.288120000303,0.348350000381,2.84830066586,2.64105280876
75%,0.341334999263,0.390849999785,3.31253215027,3.09245401859
max,0.379819999695,0.419100000858,4.61068703079,4.60383953094
