,acc,val_acc,loss,val_loss
count,98.0,98.0,98.0,98.0
mean,0.698778570592,0.6912632655,0.850408132379,0.892785117085
std,0.138765701363,0.099690284573,0.364543900908,0.261113437821
min,0.153880000036,0.264900000244,0.488227779478,0.722544516623
25%,0.6516100007,0.679400001913,0.583630431816,0.745650921017
50%,0.749129999161,0.736650002003,0.723838091016,0.767007676363
75%,0.796949998707,0.75207499966,0.995845095396,0.913852986544
max,0.829339998126,0.758899999261,2.23470962286,2.04224859595
