,acc,val_acc,loss,val_loss
count,420.0,420.0,420.0,420.0
mean,0.3064638093,0.351334999731,2.77788538897,2.64533253346
std,0.106385953554,0.101617906608,0.598028938712,0.562792044327
min,0.0108999998085,0.00869999982417,2.1386482501,2.17188908577
25%,0.247289998963,0.317599999905,2.31793950367,2.24820069015
50%,0.340090000391,0.39305000037,2.5778314352,2.40979756832
75%,0.391779999256,0.424024998844,3.06673146033,2.8381533432
max,0.427600000024,0.440400000215,4.60595193672,4.60033772469
