,acc,val_acc,loss,val_loss
count,283.0,283.0,283.0,283.0
mean,0.734908621891,0.736666784767,0.756282682206,0.761342139325
std,0.0545745866903,0.0371725717985,0.154206906382,0.105445449831
min,0.328320000446,0.443800001621,0.605309408951,0.68793351841
25%,0.717159999418,0.732000000954,0.652579111481,0.703620277405
50%,0.751600000763,0.74890000248,0.710352124977,0.724226429462
75%,0.770499999666,0.756699998617,0.810256950521,0.776178554058
max,0.78696000042,0.76440000248,1.84544834709,1.58791027164
