,acc,val_acc,loss,val_loss
count,45.0,45.0,45.0,45.0
mean,0.721979999906,0.71944222215,0.785527506963,0.83628142661
std,0.0620482946848,0.0303275414721,0.176162217595,0.0748202548188
min,0.44569999835,0.580199999452,0.639354123557,0.783954855323
25%,0.707580000401,0.720599999905,0.669225760722,0.799540309787
50%,0.741339999485,0.727300000906,0.730523023963,0.811231860757
75%,0.760759999418,0.735000000477,0.831029271483,0.829978160977
max,0.774839999485,0.742699999094,1.54467695985,1.19572911882
