,acc,val_acc,loss,val_loss
count,64.0,64.0,64.0,64.0
mean,0.741865312934,0.730770311965,0.722766169493,0.796295985276
std,0.0713442225748,0.0359715259873,0.204372770846,0.0943462740333
min,0.386079999703,0.540600000978,0.553042639899,0.740057836533
25%,0.726630000341,0.730249997258,0.595184756589,0.75140035212
50%,0.765700001621,0.743499998093,0.651162144697,0.76244128561
75%,0.785410000706,0.748950001359,0.770262323523,0.789297036022
max,0.799799999809,0.757100001335,1.69792666807,1.29358938408
