,acc,val_acc,loss,val_loss
count,456.0,456.0,456.0,456.0
mean,0.223407675146,0.274231140033,3.1875148156,2.99587715807
std,0.0951181927568,0.103068710167,0.563828877417,0.596189836341
min,0.0102799998112,0.011999999769,2.50767596817,2.3495692873
25%,0.156160000756,0.210749999061,2.7093038795,2.49813013315
50%,0.244669998616,0.304799998403,3.04073026133,2.81628694773
75%,0.306654999077,0.360674999803,3.53947913289,3.33112863183
max,0.344920000553,0.392299999595,4.60559314537,4.60322187424
