,acc,val_acc,loss,val_loss
count,603.0,603.0,603.0,603.0
mean,0.0775712770019,0.110998673316,4.08810546596,3.96790237566
std,0.0437011334034,0.0613741224994,0.3145132369,0.376617389772
min,0.00983999997564,0.0100000000559,3.6158068924,3.41950397968
25%,0.03355000012,0.0474500000849,3.80520525932,3.62803097486
50%,0.0803799996674,0.120399998277,4.04731513023,3.90942427158
75%,0.117180000633,0.167050000578,4.37297547817,4.308015728
max,0.148259997189,0.200200002789,4.61332050133,4.60677325249
