,acc,val_acc,loss,val_loss
count,129.0,129.0,129.0,129.0
mean,0.775036588902,0.738931782584,0.64108462443,0.780495278521
std,0.0846852832462,0.0500245438733,0.237057312367,0.129370090472
min,0.308760000128,0.428099999547,0.451911285806,0.697035060525
25%,0.751599999619,0.73760000205,0.481801836538,0.720519001245
50%,0.805879999161,0.757300001144,0.553097381544,0.735666213751
75%,0.829219999313,0.765599998713,0.709419983864,0.767194747925
max,0.842339999676,0.772199997187,1.88889838238,1.63480378246
