,acc,val_acc,loss,val_loss
count,62.0,62.0,62.0,62.0
mean,0.741764837938,0.730820968641,0.722852282492,0.796549934509
std,0.0718516574654,0.0368099734325,0.204255150546,0.0931964253992
min,0.393859998196,0.54029999733,0.550921855628,0.733214438558
25%,0.724995000809,0.729424999952,0.589653731763,0.753282525241
50%,0.763740000188,0.743900000751,0.656346020848,0.760267290771
75%,0.787979999453,0.749875000566,0.771563771784,0.7883927726
max,0.802279998541,0.756200000644,1.6680255785,1.27331375718
