,acc,val_acc,loss,val_loss
count,317.0,317.0,317.0,317.0
mean,0.237683659246,0.28883028389,3.12328963522,2.93485988638
std,0.100095144725,0.108297609893,0.592388240772,0.617674780882
min,0.0109800000023,0.0120999999344,2.42799324512,2.29267776012
25%,0.172020001113,0.229299999774,2.64256110191,2.44729630947
50%,0.263259999454,0.322699996829,2.95008284569,2.71081049442
75%,0.322719998956,0.37839999795,3.4687954998,3.24631967545
max,0.363399999738,0.408599999547,4.60515465736,4.60362010002
