,acc,val_acc,loss,val_loss
count,331.0,331.0,331.0,331.0
mean,0.304720966838,0.347577341464,2.78407278224,2.6468508366
std,0.104105139139,0.0980147669361,0.584376231266,0.553820647937
min,0.0105200001411,0.0178000001237,2.16336745262,2.18062546253
25%,0.249129999429,0.312099997699,2.34408464193,2.26083077192
50%,0.339139999151,0.389899995923,2.58817905426,2.41986358166
75%,0.385929999352,0.416999997199,3.05241015196,2.82113077641
max,0.422680001259,0.434499999881,4.60598734856,4.59856553078
