,index,acc,loss,val_acc,val_loss
count,78.0,78.0,78.0,78.0,78.0
mean,38.5,0.75731,0.680588800395,0.725275641026,0.825241452238
std,22.6605383872,0.0613077512313,0.175856175584,0.0324224917359,0.0795004160265
min,0.0,0.42908,0.53743069756,0.5589,0.762780388951
25%,19.25,0.743905,0.569954152402,0.72885,0.79264598538
50%,38.5,0.77694,0.621662278467,0.73505,0.804437373191
75%,57.75,0.795245,0.721805856258,0.738575,0.819968887895
max,77.0,0.80716,1.58365872469,0.7461,1.24152360451
