,acc,val_acc,loss,val_loss
count,76.0,76.0,76.0,76.0
mean,0.745377369368,0.726297367815,0.740109481137,0.824276234068
std,0.0772191977647,0.0474979467795,0.209429691857,0.116177255026
min,0.356040000047,0.506199999273,0.591151065552,0.722879713416
25%,0.732204999793,0.724124998838,0.611759868975,0.759840229481
50%,0.775920001447,0.742949999154,0.653627070373,0.783843908936
75%,0.793290002459,0.756450000674,0.779343347669,0.825129081845
max,0.801460002542,0.765600000143,1.76931631861,1.38586426282
