,acc,val_acc,loss,val_loss
count,65.0,65.0,65.0,65.0
mean,0.74679323081,0.730895384778,0.707917851019,0.805701158689
std,0.0657585093367,0.0316277245228,0.187811482589,0.0787513351433
min,0.408759999663,0.542600000381,0.551968753099,0.756652151585
25%,0.734540000343,0.732500000954,0.590435980272,0.771684494495
50%,0.767659999275,0.741000000477,0.646147481155,0.783568260908
75%,0.786859999752,0.744900001049,0.752463565159,0.801926306486
max,0.799979999542,0.754700003147,1.63195608082,1.28199825096
