,acc,val_acc,loss,val_loss
count,90.0,90.0,90.0,90.0
mean,0.768389557596,0.720562221393,0.644314922951,0.835332040183
std,0.0706821102134,0.0508764231799,0.202909388338,0.135909498989
min,0.380679999179,0.518200003624,0.482761551762,0.736824139953
25%,0.754470000732,0.721349997789,0.519554140919,0.76159521617
50%,0.793180003321,0.73934999913,0.572172556722,0.779786418527
75%,0.8113050035,0.749324997395,0.68648958652,0.825150881261
max,0.825140001869,0.758700005412,1.71167014613,1.36426577449
