,acc,val_acc,loss,val_loss
count,256.0,256.0,256.0,256.0
mean,0.714084688019,0.725724610951,0.815337381069,0.794130556633
std,0.0543241927835,0.036049878298,0.150154805595,0.102858971389
min,0.339859999761,0.493899996281,0.676095087945,0.713760403395
25%,0.699960001767,0.722875002027,0.716199684829,0.731325428933
50%,0.732180001318,0.73750000298,0.766568825424,0.756956690848
75%,0.749029999852,0.745950000435,0.859118138552,0.812275052369
max,0.764279998779,0.755200001001,1.79037221003,1.42916368127
