,acc,val_acc,loss,val_loss
count,112.0,112.0,112.0,112.0
mean,0.784477857251,0.69614196431,0.628306643204,0.962346441465
std,0.116214873747,0.0656329383967,0.305994896224,0.142046976615
min,0.212159999752,0.29179999876,0.328575958014,0.841583752632
25%,0.746730000067,0.699650000095,0.412667114413,0.881733675957
50%,0.8203,0.721249999523,0.535928875995,0.921722379446
75%,0.863870001054,0.726550000072,0.739794404316,0.993549840212
max,0.893040000916,0.730799993515,2.07151568851,1.85986923218
