,index,acc,loss,val_acc,val_loss
count,128.0,128.0,128.0,128.0,128.0
mean,63.5,0.616741875,1.11026424739,0.6452734375,1.04373098785
std,37.094473982,0.0302764056612,0.0740729191055,0.021205965898,0.0528296263734
min,0.0,0.40482,1.06533986499,0.5273,0.983894323841
25%,31.75,0.613695,1.07717373558,0.638575,1.00673053083
50%,63.5,0.62746,1.08373628485,0.65045,1.03233338019
75%,95.25,0.63161,1.11020139322,0.6581,1.05932088309
max,127.0,0.6355,1.63197810628,0.6708,1.33654471469
