,acc,val_acc,loss,val_loss
count,219.0,219.0,219.0,219.0
mean,0.720799634698,0.727367123504,0.798222091594,0.788764370244
std,0.0534101201931,0.0365697666103,0.149286842389,0.098139357898
min,0.360039999449,0.499199999571,0.660750393009,0.715009600163
25%,0.704350000429,0.718849999905,0.694614009666,0.729114104867
50%,0.736819999886,0.740099998951,0.752547135544,0.754685451508
75%,0.756010000229,0.749900001526,0.848254060221,0.808963000774
max,0.768760000229,0.755900002003,1.7549879364,1.4000393858
