,acc,val_acc,loss,val_loss
count,59.0,59.0,59.0,59.0
mean,0.722385423233,0.724206780008,0.781154805646,0.804993303095
std,0.0769959429458,0.0463440875314,0.21615273648,0.1242961988
min,0.371779998049,0.498399996459,0.592584275246,0.721683032215
25%,0.701320002437,0.723849999607,0.632668332815,0.741380500793
50%,0.749079999685,0.741300002933,0.706325556815,0.754709370732
75%,0.77320999819,0.748999999464,0.846557475626,0.802286634147
max,0.78601999712,0.754800002575,1.71414770985,1.40723999977
