,acc,val_acc,loss,val_loss
count,710.0,710.0,710.0,710.0
mean,0.157729802683,0.203648309604,3.57715345165,3.40182650975
std,0.0779913544805,0.0925927848846,0.497210851818,0.556325088906
min,0.0101200000485,0.010300000119,2.9108882761,2.68283319473
25%,0.0956700001396,0.133899999671,3.15100115609,2.92635008097
50%,0.171359999925,0.229649999887,3.46823894262,3.2570006299
75%,0.225854999736,0.282774998546,3.94332315183,3.79396667242
max,0.270900001407,0.326200000644,4.60805867767,4.60513438225
