,acc,val_acc,loss,val_loss
count,74.0,74.0,74.0,74.0
mean,0.762113243238,0.732733783799,0.662421267087,0.795204379211
std,0.0761984957102,0.0409356868834,0.2190608651,0.103619650318
min,0.374959999657,0.519599999905,0.479649378395,0.738673991203
25%,0.746815000296,0.731149998307,0.528405498695,0.749903131485
50%,0.78923000021,0.748449999809,0.583649006557,0.757506107092
75%,0.807210000014,0.75332499671,0.708084153914,0.78278076303
max,0.824679999161,0.757200002193,1.73539137115,1.32983087826
