,acc,val_acc,loss,val_loss
count,75.0,75.0,75.0,75.0
mean,0.739558401223,0.729317332616,0.731007202175,0.790915988598
std,0.0796341865131,0.0450554175026,0.22546812597,0.121683715037
min,0.361719999123,0.513900003552,0.523204638016,0.717943905354
25%,0.717889997435,0.727649999201,0.572331790286,0.736075616062
50%,0.764360003233,0.745099999309,0.662498000312,0.744165232301
75%,0.792960003233,0.754800001323,0.806038009894,0.775856528223
max,0.80996000371,0.762000003815,1.74293400311,1.38612339115
