,acc,val_acc,loss,val_loss
count,345.0,345.0,345.0,345.0
mean,0.253943130274,0.302021159335,3.03220362771,2.85215275778
std,0.101872170977,0.106144655326,0.591709543359,0.606347898119
min,0.0102999999784,0.0127999999747,2.36734712982,2.2610544014
25%,0.190119999647,0.246399997473,2.55800473976,2.39427311897
50%,0.28531999898,0.341799998283,2.83406934166,2.61387021065
75%,0.337039999723,0.383599997759,3.36363600922,3.14151656151
max,0.374579998255,0.411999998093,4.60589556503,4.60214286804
