,acc,val_acc,loss,val_loss
count,75.0,75.0,75.0,75.0
mean,0.0143485333651,0.020208000006,4.59482612684,4.59147536685
std,0.00258340899049,0.00443017175118,0.0108906826806,0.0141969448961
min,0.00990000000596,0.0104000000469,4.56493351555,4.5499352169
25%,0.012040000014,0.0174500001688,4.59018100643,4.58558860302
50%,0.0144000000283,0.020800000187,4.5988458271,4.59699776649
75%,0.0165200000089,0.0238999999873,4.60255383205,4.60183793068
max,0.0189400000684,0.0264999999851,4.60950069237,4.6064218235
