,acc,val_acc,loss,val_loss
count,185.0,185.0,185.0,185.0
mean,0.293864216206,0.338447027025,2.80525517504,2.65760134218
std,0.106262321158,0.102389716461,0.608234241465,0.574908853723
min,0.0104999998845,0.0115999999642,2.17548105907,2.19871000767
25%,0.233879999161,0.301900002956,2.33369740677,2.25763573647
50%,0.329060001135,0.385900000334,2.59208132744,2.40267977715
75%,0.379100000143,0.411100001335,3.10128353119,2.83002530098
max,0.411020000458,0.424900000095,4.60423611069,4.59982591629
