,acc,val_acc,loss,val_loss
count,181.0,181.0,181.0,181.0
mean,0.743042210768,0.731523204897,0.736663019274,0.776705055931
std,0.0634133480773,0.0389751404259,0.173089327081,0.103982696479
min,0.349960001828,0.500300001234,0.573218070793,0.708709828585
25%,0.724419999826,0.726900000036,0.616950833645,0.717189723283
50%,0.763440000916,0.745699999988,0.679163578641,0.735113917023
75%,0.784420001411,0.754600001335,0.793863962191,0.78883188352
max,0.800300001228,0.761099999845,1.74479853821,1.39162365663
