,index,acc,loss,val_acc,val_loss
count,140.0,140.0,140.0,140.0,140.0
mean,69.5,0.632209285714,1.06894608579,0.65035,1.03536547955
std,40.5585995813,0.0319789949416,0.0773940360227,0.0251041327676,0.0573923855221
min,0.0,0.4057,1.0204710592,0.4582,0.963185997069
25%,34.75,0.629875,1.0330796383,0.645175,1.00505228066
50%,69.5,0.64479,1.04062109926,0.65665,1.02251699113
75%,104.25,0.64778,1.06883936159,0.663825,1.04935362423
max,139.0,0.65218,1.61592333099,0.6775,1.47322141612
