,acc,val_acc,loss,val_loss
count,187.0,187.0,187.0,187.0
mean,0.710146631295,0.70686951897,0.825943058723,0.830642363401
std,0.0584337754849,0.0377428947706,0.156315744761,0.102199986668
min,0.325640001743,0.475700001568,0.683384155941,0.754905679166
25%,0.692409999806,0.699149999321,0.72190299955,0.770202675387
50%,0.728800000036,0.719999999702,0.778884909105,0.793465838552
75%,0.747900000381,0.729400000751,0.876303350961,0.845102773488
max,0.762160000801,0.736700000048,1.802022119,1.42699680841
