,acc,val_acc,loss,val_loss
count,248.0,248.0,248.0,248.0
mean,0.288332983676,0.339298790492,2.81195186099,2.61627063928
std,0.0532770742274,0.0522769808168,0.294130505514,0.283792840752
min,0.0251400000304,0.0576000000536,2.55619076729,2.38771333694
25%,0.273169998914,0.327450000048,2.61992981482,2.44168979645
50%,0.306989999712,0.35784999907,2.70950282192,2.512304492
75%,0.324049999118,0.373125002086,2.88388946772,2.66590639114
max,0.337100000143,0.383199999332,4.45468880463,4.2278396225
