,acc,val_acc,loss,val_loss
count,59.0,59.0,59.0,59.0
mean,0.727900338899,0.723225423813,0.763993501428,0.808740925458
std,0.0835427629622,0.0490695511424,0.236201561973,0.13044471999
min,0.361919999504,0.503500002861,0.545666172314,0.723189633369
25%,0.703799999475,0.7175,0.601064810181,0.740100151777
50%,0.756399999428,0.737700000763,0.683464277172,0.758320468426
75%,0.782670000553,0.752299998999,0.845270733166,0.817481049299
max,0.801819997787,0.759300003052,1.74281031647,1.40610007
