,acc,val_acc,loss,val_loss
count,217.0,217.0,217.0,217.0
mean,0.733480553126,0.73506405537,0.760424976947,0.767451732483
std,0.0551164291523,0.0353769988275,0.154420003881,0.0976671870557
min,0.357880000272,0.501599999666,0.617448828554,0.697321358562
25%,0.717020000553,0.730600001574,0.657566008973,0.710779025078
50%,0.750759999943,0.747600000143,0.712313645291,0.731077147841
75%,0.769199999189,0.755200000048,0.811837611914,0.782716701984
max,0.783420000744,0.761099998713,1.75994048262,1.4002067585
