,acc,val_acc,loss,val_loss
count,347.0,347.0,347.0,347.0
mean,0.318887723293,0.376140345734,2.69379517743,2.51199026572
std,0.0538307771791,0.0527218286609,0.297267940596,0.281751837112
min,0.0188799999394,0.0375999998674,2.43417930794,2.29445013523
25%,0.302289999783,0.366199999154,2.50192941046,2.34464452982
50%,0.336799997807,0.393899996281,2.59781805038,2.41841588497
75%,0.355240000367,0.408199997842,2.77831073332,2.56157531261
max,0.368300001025,0.418199996948,4.56645529938,4.45804830551
