,acc,val_acc,loss,val_loss
count,84.0,84.0,84.0,84.0
mean,0.757925953458,0.729886904179,0.677374475871,0.814579182462
std,0.0615411936817,0.0331145866888,0.176049682261,0.0783053935723
min,0.422739999694,0.509399999619,0.528896087861,0.764187274039
25%,0.744140000945,0.732174999386,0.566172929147,0.78178996931
50%,0.77684000113,0.73975000006,0.619228585583,0.795430045396
75%,0.795850001782,0.742950000733,0.713693959886,0.815638397738
max,0.809380000067,0.749199999928,1.60105746698,1.34530055785
