,acc,val_acc,loss,val_loss
count,616.0,616.0,616.0,616.0
mean,0.222945129734,0.280266396064,3.23429018428,3.0462583285
std,0.0885007344175,0.100626771605,0.528760020756,0.560806473291
min,0.0102600000845,0.00960000010207,2.61229495239,2.4429980135
25%,0.166270000435,0.223474999964,2.81088023663,2.60844308734
50%,0.245799999744,0.311999998689,3.07875640965,2.85943782806
75%,0.296199999541,0.362150001526,3.53362310028,3.32712853193
max,0.33540000248,0.392299997211,4.61272244263,4.6020380497
