,acc,val_acc,loss,val_loss
count,172.0,172.0,172.0,172.0
mean,0.778798141191,0.738048256087,0.626896136837,0.781106530368
std,0.0856651129659,0.0488721270654,0.244194840867,0.124233064597
min,0.290880002755,0.432399995804,0.418010808635,0.706400290847
25%,0.755240001571,0.73700000152,0.462433962792,0.725412930936
50%,0.810110003412,0.755350002289,0.536270671618,0.739583862782
75%,0.83525000236,0.762525004178,0.704335697412,0.767828403324
max,0.851000001073,0.770600002527,1.95622879958,1.61037198853
