,acc,val_acc,loss,val_loss
count,221.0,221.0,221.0,221.0
mean,0.244887420919,0.296705882686,3.05948476045,2.86665994972
std,0.0555344859294,0.0602783688203,0.318828807632,0.328900783803
min,0.0165399999917,0.0246999999881,2.75792444229,2.5540592289
25%,0.223800001025,0.275899999142,2.84251508713,2.64154523849
50%,0.263019999504,0.317600001097,2.95691689301,2.75454548836
75%,0.284559999466,0.339700007439,3.16491100693,2.9773883152
max,0.302819998741,0.354700006247,4.57795045853,4.43880254745
