,acc,val_acc,loss,val_loss
count,197.0,197.0,197.0,197.0
mean,0.296317157202,0.312187817471,2.67531699648,2.70610787885
std,0.0731735527355,0.0569571473904,0.405327876015,0.293406880275
min,0.019039999783,0.0253999998607,2.27528518772,2.52482544422
25%,0.26523999846,0.301100000739,2.38579570293,2.53851399422
50%,0.319239998996,0.335400000215,2.54295929337,2.57703268051
75%,0.350160000563,0.348500000238,2.83579710197,2.74300357342
max,0.37306000042,0.355399999619,4.46993340302,4.3447513485
