,acc,val_acc,loss,val_loss
count,129.0,129.0,129.0,129.0
mean,0.725856279464,0.730275194016,0.783797081805,0.778768035687
std,0.0548835634878,0.032274263093,0.153090322597,0.0941226756264
min,0.412020006277,0.539300006084,0.63911210058,0.706024498537
25%,0.710880001441,0.724700000763,0.678919149435,0.721672958635
50%,0.742019999784,0.741599999234,0.736230840278,0.745894800514
75%,0.761679999018,0.749399999589,0.833648591782,0.794062376902
max,0.774679998395,0.754099999219,1.60956968582,1.29257814622
