,acc,val_acc,loss,val_loss
count,262.0,262.0,262.0,262.0
mean,0.281925267079,0.335911832213,2.85365224338,2.64925453044
std,0.0539466279827,0.0559802699749,0.30009273954,0.298537495478
min,0.0187800000124,0.0373000002652,2.59612827873,2.41356285095
25%,0.267339999139,0.32090000242,2.65898074055,2.46231886625
50%,0.301629999995,0.356699999571,2.74854782772,2.54085650444
75%,0.31762500006,0.373075000346,2.9258642211,2.71715642214
max,0.332699999809,0.383600002527,4.50332136917,4.34895412445
