,acc,val_acc,loss,val_loss
count,74.0,74.0,74.0,74.0
mean,0.769504595537,0.690616215566,0.665974239972,0.940450781152
std,0.108453707269,0.0615583316727,0.285452876161,0.131215291034
min,0.283980002469,0.357400000572,0.377638024253,0.831573315203
25%,0.734829998696,0.694349998072,0.462749984434,0.868813927323
50%,0.803520002735,0.716200000763,0.580934473777,0.903369848371
75%,0.844545001972,0.720999998629,0.772523117831,0.965382531673
max,0.873019999886,0.727199998856,1.88140215859,1.66990354347
