,acc,val_acc,loss,val_loss
count,126.0,126.0,126.0,126.0
mean,0.697966665344,0.699434918178,0.860824206584,0.848297930771
std,0.0734234271657,0.0527253455771,0.195554152656,0.143960937021
min,0.26520000301,0.394599999785,0.683485130954,0.741001657248
25%,0.676854996502,0.687349995673,0.730740900785,0.760838486582
50%,0.721249996448,0.71694999671,0.801349717951,0.795567158937
75%,0.745145000118,0.732324998796,0.923000482428,0.876949201167
max,0.762940002394,0.739899999261,1.97048701692,1.67711091733
