,index,acc,loss,val_acc,val_loss
count,255.0,255.0,255.0,255.0,255.0
mean,127.0,0.433134823529,2.07515972706,0.410290980392,2.31900745766
std,73.7563556583,0.0799181035823,0.428601461737,0.0470287853406,0.240719663537
min,0.0,0.03138,1.71228725433,0.0715,2.20473079681
25%,63.5,0.40704,1.79198276663,0.41475,2.22511698246
50%,127.0,0.46202,1.91939771366,0.4256,2.23846764565
75%,190.5,0.48725,2.19743496895,0.43105,2.28406310558
max,254.0,0.50696,4.46183904266,0.4373,4.18631082535
