,acc,val_acc,loss,val_loss
count,71.0,71.0,71.0,71.0
mean,0.752764505967,0.732833803397,0.693162243184,0.792019234669
std,0.0689779623794,0.0329765282004,0.197688426718,0.0878076720203
min,0.407819999054,0.560499998033,0.52574667263,0.743406793773
25%,0.736949999571,0.730850001872,0.564875845224,0.753426129967
50%,0.777139998794,0.744799997807,0.624119446456,0.762549234033
75%,0.795549998462,0.748400000334,0.740769971311,0.780209827572
max,0.810519998431,0.75659999609,1.64361845422,1.26566597223
