,acc,val_acc,loss,val_loss
count,51.0,51.0,51.0,51.0
mean,0.995190848785,0.99239019436,0.0176527770841,0.0298034771227
std,0.0108797182402,0.00143614165134,0.0357862608226,0.00425823091347
min,0.923849994133,0.984799996495,0.00204371722553,0.0257553254056
25%,0.995541665614,0.99219999826,0.00371203762304,0.0271685552337
50%,0.998199999571,0.992699998379,0.00739047157104,0.028855138719
75%,0.998991666426,0.993199998379,0.0169233747922,0.0311047651491
max,0.999516666551,0.993799998522,0.245730654289,0.0521931943809
