,acc,val_acc,loss,val_loss
count,74.0,74.0,74.0,74.0
mean,0.989508331023,0.99266080914,0.0341291363426,0.0215208313211
std,0.00704286609644,0.00175802051779,0.0240549743844,0.00528702245924
min,0.941949993594,0.983099996686,0.0189204035595,0.0182477848477
25%,0.988870830764,0.992599998355,0.022132454984,0.0189364261559
50%,0.991374998003,0.993199998379,0.0269074221524,0.0197432181088
75%,0.992895831669,0.993599998564,0.036885029135,0.0214558999124
max,0.993783331851,0.994099998593,0.194055450385,0.0524897244244
