,acc,val_acc,loss,val_loss
count,75.0,75.0,75.0,75.0
mean,0.982316218657,0.986590663722,0.0615291808244,0.0482338197959
std,0.0134633229993,0.00310327570477,0.0448681203528,0.00895188461523
min,0.887899994675,0.968399995089,0.0329394449371,0.0431558192818
25%,0.981341662447,0.986649997056,0.0390295428466,0.0445359478365
50%,0.986199996869,0.987499997139,0.0482253034601,0.0451838028199
75%,0.988674997389,0.988199997306,0.0660068433118,0.0473754569843
max,0.990616664469,0.989199997425,0.365560215253,0.105800121802
