,acc,val_acc,loss,val_loss
count,49.0,49.0,49.0,49.0
mean,0.988955780301,0.992467345361,0.0349060550803,0.0243330102046
std,0.0135888826066,0.00268238028397,0.0435127747234,0.00743468855478
min,0.905799993796,0.978699996233,0.0120568974854,0.0182922011545
25%,0.988666664302,0.99219999826,0.0159989217242,0.0210449556246
50%,0.992399998377,0.993299998581,0.0228880557322,0.0224953100549
75%,0.994866665522,0.993899998665,0.0357853453344,0.0241013287684
max,0.996149999102,0.994699998856,0.296801724013,0.0648886506308
