,acc,val_acc,loss,val_loss
count,40.0,40.0,40.0,40.0
mean,0.991749584892,0.991377500984,0.0289039112924,0.034950639885
std,0.0195379940173,0.00212017079363,0.0598542396721,0.00575073754972
min,0.875149995651,0.980399997711,0.00464079483054,0.0286723512079
25%,0.992904169202,0.991375000626,0.0074060389014,0.0316138599375
50%,0.996508335412,0.991900002003,0.0128135421164,0.0337713757234
75%,0.998012501419,0.992400001258,0.0270530253574,0.0371360678829
max,0.998883334219,0.993000001669,0.379461214358,0.0623046854977
