,acc,val_acc,loss,val_loss
count,100.0,100.0,100.0,100.0
mean,0.972342828268,0.982917996757,0.0921738229706,0.0631053758611
std,0.0555698921505,0.0116394697043,0.16722951969,0.0416895885536
min,0.460916667399,0.891499995828,0.0274756541083,0.0480081803026
25%,0.97520832627,0.983299997866,0.038147357888,0.0508467804931
50%,0.983983326524,0.986249999046,0.054235150651,0.052426416373
75%,0.988445829262,0.98729999429,0.0879321061589,0.0593463950869
max,0.991533331593,0.988799993992,1.59711105857,0.417484602273
