,acc,val_acc,loss,val_loss
count,78.0,78.0,78.0,78.0
mean,0.991613252057,0.993555131674,0.0261502906157,0.0226091566468
std,0.0121213341979,0.0021316197158,0.0384562196012,0.00597553223148
min,0.89725000151,0.981100005388,0.00838167134864,0.0184464990053
25%,0.99178750509,0.993500003457,0.0111836498639,0.0199177866105
50%,0.99468333739,0.994200003147,0.0160428299302,0.0210768132935
75%,0.996162502954,0.994500003278,0.0257641240613,0.0229104426418
max,0.997300002217,0.995200002909,0.320536982794,0.0616370727826
