,acc,val_acc,loss,val_loss
count,77.0,77.0,77.0,77.0
mean,0.989728795298,0.99183507081,0.0333434581117,0.0237794612805
std,0.00782469149917,0.00174074723586,0.026232258962,0.00544940065336
min,0.932966670245,0.981500005126,0.0174365559561,0.0208219030648
25%,0.988916675548,0.991600007415,0.0212880769761,0.0213878119444
50%,0.992050006986,0.99240000546,0.0259979883911,0.0218496346744
75%,0.993166672985,0.992700005174,0.0363260040459,0.0237573446454
max,0.994533338249,0.993300004601,0.221129835211,0.0576377932786
