,acc,val_acc,loss,val_loss
count,34.0,34.0,34.0,34.0
mean,0.990905392883,0.991705879583,0.0318736472626,0.0320282562299
std,0.0229633010604,0.00238301371264,0.070698511564,0.00630999278026
min,0.863783330689,0.980999996543,0.00592754823556,0.0266240535034
25%,0.993116666352,0.991824995428,0.00877479217768,0.0282592780704
50%,0.996483336339,0.992349996805,0.0134334082752,0.0301248645619
75%,0.997658335403,0.992674997985,0.0266071453975,0.0330998432478
max,0.998516668876,0.993499998927,0.418307991177,0.0568216522839
