,acc,val_acc,loss,val_loss
count,47.0,47.0,47.0,47.0
mean,0.976746459352,0.985906388364,0.08044856243,0.0472314985535
std,0.0169735443776,0.00382522639808,0.0553629051835,0.011729408155
min,0.876183332751,0.967600002289,0.0456318639847,0.0394796371825
25%,0.976183337967,0.985500005245,0.0549883201805,0.0406258954896
50%,0.981466673295,0.987400005817,0.0653496521662,0.0424906606817
75%,0.984066673557,0.988100006104,0.0843956384299,0.0483563871504
max,0.986816674391,0.988600007057,0.400932779719,0.101938350838
