,acc,val_acc,loss,val_loss
count,96.0,96.0,96.0,96.0
mean,0.97793524056,0.988881248454,0.0710916691065,0.0342298817319
std,0.0359609649455,0.00791735373263,0.110525339812,0.0274825211142
min,0.656283332944,0.935199996948,0.0258175821534,0.0207224030748
25%,0.979904167255,0.988974999666,0.0347065295246,0.0223709451495
50%,0.985949996948,0.991599998474,0.0447435174913,0.0252095797247
75%,0.989154162486,0.992524999857,0.0672606868464,0.0340074328195
max,0.991283326785,0.99359999752,1.04501599677,0.229313703269
