,index,acc,loss,val_acc,val_loss
count,102.0,102.0,102.0,102.0,102.0
mean,50.5,0.993980392157,0.0199237424629,0.993235294118,0.036085464062
std,29.588849251,0.00675876215377,0.0215791953997,0.00102847065726,0.00740652678487
min,0.0,0.935066666667,0.00996871209792,0.9867,0.0192471397077
25%,25.25,0.994295833333,0.012888283545,0.993,0.0303830705221
50%,50.5,0.995766666667,0.0143605883945,0.9934,0.0369315753981
75%,75.75,0.9963125,0.0176668819138,0.993775,0.0417587155263
max,101.0,0.9971,0.207465603915,0.9947,0.0539812669574
