,acc,val_acc,loss,val_loss
count,55.0,55.0,55.0,55.0
mean,0.988089997864,0.988289088533,0.0398858367708,0.0506408953627
std,0.0193171690983,0.00405347071849,0.0622746095715,0.0101472127502
min,0.859199995633,0.969099994898,0.0101705809825,0.0400076176848
25%,0.988924997479,0.988149997652,0.0155159005747,0.0454145034376
50%,0.993166665037,0.989499997854,0.0219383477155,0.0486345242722
75%,0.995408332249,0.990299997985,0.0368892462764,0.0512798125201
max,0.997083332638,0.991299998283,0.44621819793,0.100626877761
