,acc,val_acc,loss,val_loss
count,59.0,59.0,59.0,59.0
mean,0.986610735889,0.992210169732,0.0438122490729,0.0225778016597
std,0.0085679989421,0.00236042811529,0.0287416010034,0.0070346909348
min,0.931649996385,0.981299998522,0.0257253616812,0.0177951862596
25%,0.986191667914,0.991650000632,0.0301583533827,0.0187821058543
50%,0.98895000267,0.992900000691,0.0352150153475,0.0203403504995
75%,0.990650002629,0.993600000381,0.0458656625657,0.0232284413809
max,0.991583336353,0.994499999881,0.225290012334,0.0592303471045
