,acc,val_acc,loss,val_loss
count,71.0,71.0,71.0,71.0
mean,0.980299522984,0.985833795645,0.0679647196873,0.0483914672647
std,0.0196493781872,0.00418439028772,0.0623008478728,0.0117763008702
min,0.830099999554,0.957699997067,0.0371689532318,0.041721694443
25%,0.980283325821,0.98584999311,0.0440029824329,0.0437963509008
50%,0.984933327258,0.986799991131,0.0529264795985,0.044999020449
75%,0.987133324116,0.987699991882,0.0701987345712,0.048167920223
max,0.989583322465,0.988499993443,0.534200793326,0.129115944021
