,acc,val_acc,loss,val_loss
count,69.0,69.0,69.0,69.0
mean,0.985134538617,0.98716521478,0.0493369536377,0.0522376493343
std,0.0282851184019,0.0055426116981,0.0879461879245,0.0136461486248
min,0.769783331439,0.950899994135,0.0121227717926,0.0412513326363
25%,0.986166663448,0.987499997616,0.0174720896975,0.0474842252124
50%,0.992083331505,0.988599997759,0.0262554611893,0.0497881339317
75%,0.994666665395,0.98939999783,0.0479581797059,0.052419779666
max,0.996216665765,0.991099998116,0.703683248221,0.148482475713
