,acc,val_acc,loss,val_loss
count,70.0,70.0,70.0,70.0
mean,0.971900481168,0.983624290483,0.0928492647047,0.057130241388
std,0.0545381068763,0.0102994375605,0.163212490672,0.0345980053598
min,0.546433332346,0.915400000095,0.0301052665154,0.0421858027982
25%,0.974945836276,0.984400005221,0.0398361982592,0.0448723788464
50%,0.983616674721,0.986950005651,0.0552882934783,0.0475025013576
75%,0.987845841527,0.987600005746,0.0866367140668,0.0525078843719
max,0.991116673946,0.98850000596,1.34336306673,0.294567335933
