,acc,val_acc,loss,val_loss
count,63.0,63.0,63.0,63.0
mean,0.971608735358,0.984484130969,0.0939121613087,0.0570685232158
std,0.0553226592949,0.0100234124323,0.166275088955,0.0318695156899
min,0.563516666375,0.924600003004,0.027626856725,0.0400220591363
25%,0.975058336318,0.98475000453,0.0368331614733,0.0449371179617
50%,0.983800007939,0.987700005293,0.0533932239255,0.0459847040665
75%,0.988808340669,0.988950004101,0.0865073436815,0.0540142844072
max,0.99170000577,0.99000000596,1.29843735749,0.25628576567
