,acc,val_acc,loss,val_loss
count,78.0,78.0,78.0,78.0
mean,0.983370513976,0.987267948811,0.0556201220998,0.0519040188971
std,0.0318139424009,0.00548119649528,0.0988886406489,0.0154789133101
min,0.72581666762,0.952299996853,0.0142936017942,0.0434741024921
25%,0.984095833331,0.987225001007,0.020197710936,0.0464782615661
50%,0.990525002599,0.98894999963,0.0313081787931,0.0485719195068
75%,0.993795835525,0.989675000012,0.0547411421911,0.0509456938226
max,0.995516669214,0.990900001168,0.838546202093,0.162885689585
