,acc,val_acc,loss,val_loss
count,56.0,56.0,56.0,56.0
mean,0.978014887583,0.985532147838,0.0761755353929,0.0498486560269
std,0.0149816323962,0.00352482645366,0.0493536055777,0.0103632386913
min,0.882716667118,0.96760000515,0.0466123040143,0.0439201203285
25%,0.977345840583,0.985325004935,0.0534187096327,0.0446489484419
50%,0.982433340291,0.986800005078,0.0628050760655,0.0460047502404
75%,0.984491674066,0.987400004268,0.0808287430057,0.0496342534826
max,0.986550006787,0.98810000515,0.38190843111,0.102542162382
