,acc,val_acc,loss,val_loss
count,114.0,114.0,114.0,114.0
mean,0.977013734931,0.988078941662,0.0737353149598,0.0354066457726
std,0.0432046189066,0.00954191893007,0.129017858728,0.0345078479352
min,0.553433334306,0.914599999666,0.0274174226054,0.0203593031102
25%,0.978916660592,0.987749994785,0.0348484068292,0.0227293660286
50%,0.98596665889,0.990899995625,0.04504449597,0.0253475246285
75%,0.98905832386,0.992274993688,0.0682848174365,0.0338894128659
max,0.991749989867,0.993199995041,1.31583016819,0.318456878588
