,acc,val_acc,loss,val_loss
count,69.0,69.0,69.0,69.0
mean,0.98688115718,0.987636229361,0.0437478612053,0.0510169818393
std,0.0240630486066,0.00538450922726,0.0762792370426,0.0144568299796
min,0.806616664211,0.958799995065,0.011233395904,0.0403757928414
25%,0.987849997143,0.98779999733,0.0148690549114,0.0453802380747
50%,0.993099998355,0.98909999752,0.022941297504,0.0474553232571
75%,0.995266665538,0.990099997997,0.0408809164389,0.0512466507706
max,0.996583332519,0.991199998021,0.601255154693,0.134090488648
