,acc,val_acc,loss,val_loss
count,50.0,50.0,50.0,50.0
mean,0.989390997964,0.992153998368,0.0341879157279,0.0286111216082
std,0.0104457930063,0.00196159173588,0.0336499507767,0.0048322839082
min,0.925766660263,0.983399997115,0.0156200263662,0.0217652949447
25%,0.989049997687,0.991824998274,0.019388720972,0.0257974532133
50%,0.992324998354,0.992649998367,0.0238872188484,0.0275102726349
75%,0.993791665273,0.993299998716,0.0352670838856,0.0300338789845
max,0.995233332227,0.994099998891,0.234233939039,0.0509747322122
