,acc,val_acc,loss,val_loss
count,58.0,58.0,58.0,58.0
mean,0.983466380521,0.987089654986,0.0551761388152,0.0518489580723
std,0.0312724532878,0.00517869155433,0.0964997111659,0.0141067934995
min,0.764333332393,0.95699999845,0.0141853313615,0.0438928466555
25%,0.984687500358,0.987325000554,0.0197280221115,0.0464726437171
50%,0.990833335638,0.988599999964,0.029806789338,0.0481958549867
75%,0.993941669717,0.989300000101,0.0520708103022,0.0509940406272
max,0.995800002396,0.990700001001,0.716169067711,0.137810179765
