,index,acc,loss,val_acc,val_loss
count,112.0,112.0,112.0,112.0,112.0
mean,55.5,0.990575297619,0.0305512074624,0.992358928571,0.0231010516003
std,32.4756318902,0.00778482520126,0.0260421043412,0.00186356983647,0.00543602987289
min,0.0,0.923683333333,0.0156661303852,0.9808,0.0199611621539
25%,27.75,0.99005,0.018901124644,0.992175,0.0209709458319
50%,55.5,0.992791666667,0.023465388155,0.9929,0.0213922297409
75%,83.25,0.994029166667,0.0321019779984,0.9933,0.0227793406941
max,111.0,0.994833333333,0.251056429539,0.9938,0.0612101438965
