,acc,val_acc,loss,val_loss
count,40.0,40.0,40.0,40.0
mean,0.988683747769,0.992292498285,0.0359072898919,0.0247816226402
std,0.013459644403,0.00247369667733,0.0431092678844,0.00670900764164
min,0.912899994259,0.980699996352,0.0138536075817,0.0188840063884
25%,0.988291663895,0.99207499826,0.0179486884236,0.0219099142892
50%,0.992516664892,0.993049998462,0.0230687545443,0.0231880110765
75%,0.994179165309,0.993599998504,0.0365964490923,0.0245177231287
max,0.995449998915,0.994599998713,0.275175513648,0.0582842350901
