,acc,val_acc,loss,val_loss
count,120.0,120.0,120.0,120.0
mean,0.977279301554,0.983954162263,0.0745380757827,0.0587489591962
std,0.051121446419,0.00947538016881,0.152411947923,0.0322316210524
min,0.455750000822,0.906300000906,0.0203215906423,0.045399862802
25%,0.979741660148,0.984349995196,0.0281720011828,0.049405475661
50%,0.987158326874,0.986699997246,0.0426654049486,0.0508135119544
75%,0.991224997858,0.987599995524,0.0713909910167,0.0551610770401
max,0.993483333667,0.988999994397,1.59676320042,0.353720819503
