,index,acc,loss,val_acc,val_loss
count,148.0,148.0,148.0,148.0,148.0
mean,73.5,0.995174436937,0.0157461242899,0.993293243243,0.0278507572072
std,42.8680144941,0.00674776058581,0.0221682641722,0.00150322384455,0.00484975206165
min,0.0,0.9266,0.00745172755879,0.9806,0.0216479654195
25%,36.75,0.9956125,0.00885400793418,0.9932,0.0246089300584
50%,73.5,0.996991666667,0.0100202737199,0.9936,0.0266572965685
75%,110.25,0.997333333333,0.0135607410728,0.9939,0.0301506621215
max,147.0,0.99795,0.239932007085,0.9948,0.0590001532154
