,index,acc,loss,val_acc,val_loss
count,111.0,111.0,111.0,111.0,111.0
mean,55.0,0.990757507508,0.0299363261832,0.992890990991,0.0218880299318
std,32.1869538789,0.00721488736507,0.0241900302419,0.00179410902423,0.00499523172219
min,0.0,0.929966666667,0.0157541956668,0.9813,0.0190462904205
25%,27.5,0.990083333333,0.0186167402843,0.9928,0.0198773135653
50%,55.0,0.99275,0.0229538488073,0.9935,0.0203186834204
75%,82.5,0.994075,0.0326163305775,0.9938,0.0216020534696
max,110.0,0.995216666667,0.230844772093,0.9942,0.0581887721661
