,acc,val_acc,loss,val_loss
count,56.0,56.0,56.0,56.0
mean,0.985069945542,0.987553576333,0.0497850297041,0.05007209568
std,0.0269394962501,0.00475620017182,0.0842814504843,0.0126238764989
min,0.8001499994,0.960300004959,0.012198804641,0.041084341966
25%,0.986016673416,0.98710000509,0.0184565798692,0.0449953813276
50%,0.992058338463,0.989200005054,0.0260355120174,0.0472843166549
75%,0.994458337228,0.989800004721,0.0484093959934,0.0499957020978
max,0.996033336282,0.990900004148,0.616207623479,0.125972236855
