,acc,val_acc,loss,val_loss
count,64.0,64.0,64.0,64.0
mean,0.985719011764,0.991790625732,0.0455536895431,0.0251236072569
std,0.0210303473245,0.00433771741334,0.0663574488273,0.0141148277158
min,0.834349998131,0.9673999964,0.0158030660862,0.0182569936168
25%,0.986170834601,0.992175000757,0.0203311830927,0.0198730460946
50%,0.991225002497,0.993100001395,0.0272093318019,0.0207628606949
75%,0.993333335608,0.993600001454,0.045365077612,0.0228418208211
max,0.994800002456,0.994400001407,0.516848196253,0.109221884249
