,acc,val_acc,loss,val_loss
count,110.0,110.0,110.0,110.0
mean,0.973340603806,0.983089087486,0.0886363633613,0.0610754317249
std,0.0553653679942,0.0119893091964,0.166337434862,0.0394616119117
min,0.435333332757,0.883500000954,0.0283506408846,0.045904389581
25%,0.975208333731,0.982924997091,0.0365415370224,0.0493679316372
50%,0.984466664235,0.986299997807,0.0519932116183,0.0510145665025
75%,0.988958328724,0.98759999752,0.0851821911118,0.056282228501
max,0.991599992116,0.989199996948,1.67043895674,0.41053059864
