,index,acc,loss,val_acc,val_loss
count,212.0,212.0,212.0,212.0,212.0
mean,105.5,0.991950550314,0.0254502329467,0.992552358491,0.0216798751049
std,61.3432962923,0.00515161962815,0.0171506634474,0.001355467812,0.00366304204392
min,0.0,0.941233333333,0.0137159401761,0.9829,0.0197754047946
25%,52.75,0.991154166667,0.0168344071846,0.9925,0.0204750416524
50%,105.5,0.993425,0.0200584907931,0.993,0.020770131212
75%,158.25,0.9945375,0.0282590271095,0.9932,0.0211742056898
max,211.0,0.99565,0.191988896392,0.9936,0.055877360067
