,acc,val_acc,loss,val_loss
count,96.0,96.0,96.0,96.0
mean,0.967022041988,0.981062492476,0.109628528465,0.0643253209923
std,0.0658958149236,0.0162592424741,0.196831443021,0.0614913388327
min,0.376900002316,0.848899998546,0.0374617324155,0.0440303819321
25%,0.970708327204,0.982574992567,0.0480079584182,0.047100372328
50%,0.981133326977,0.985799990654,0.0649642667142,0.048702136189
75%,0.985674991712,0.986399991512,0.0999698589477,0.0574768442281
max,0.98843332392,0.987399993062,1.83825557381,0.59131788826
