,acc,val_acc,loss,val_loss
count,76.0,76.0,76.0,76.0
mean,0.994642327248,0.992280268348,0.0188041800059,0.0334042227323
std,0.0177934498983,0.00264252437889,0.0550844327675,0.00692979942132
min,0.846933334582,0.976800006628,0.00154684124172,0.025272952057
25%,0.996104170382,0.992575004846,0.00277930369262,0.0291815743016
50%,0.998433334827,0.992900004983,0.00548262542143,0.0325755404507
75%,0.99924166739,0.993225004673,0.0146346552363,0.03573806714
max,0.999600000381,0.993900004625,0.466349439056,0.0704884680449
