,acc,val_acc,loss,val_loss
count,67.0,67.0,67.0,67.0
mean,0.98965994064,0.992346263247,0.0336748921178,0.0222193927051
std,0.00891093360392,0.00180758799042,0.0293602737274,0.00612288777464
min,0.927049995251,0.983299994469,0.0171569614101,0.0187409009082
25%,0.989191657513,0.992149992466,0.0207201328941,0.0193894949145
50%,0.991949990511,0.992799996138,0.0261737634582,0.0201464034494
75%,0.993483323425,0.993349995971,0.0355258271769,0.02238271144
max,0.994583323598,0.993999996066,0.23686111998,0.0569047385643
