,acc,val_acc,loss,val_loss
count,82.0,82.0,82.0,82.0
mean,0.981472163676,0.986317080572,0.0637369568776,0.0517066847109
std,0.0165815693669,0.003719412482,0.0538569787581,0.00946561009569
min,0.853250000533,0.963800003529,0.0330931574694,0.0468511711957
25%,0.980570844412,0.98650000751,0.0400010209458,0.0481196380275
50%,0.985975010395,0.987350007892,0.0484784849943,0.0491616118598
75%,0.988229176328,0.988000007719,0.0667942348369,0.0503175954997
max,0.990666674376,0.988700007796,0.466213007234,0.113428236913
