,acc,val_acc,loss,val_loss
count,51.0,51.0,51.0,51.0
mean,0.988286603181,0.99200000094,0.0383888415621,0.0239780506907
std,0.00781111602204,0.00219143849049,0.0263512852943,0.00645460221022
min,0.942949995749,0.981399996996,0.0210955578242,0.0202895571338
25%,0.987208335221,0.991500001132,0.0249599064077,0.0210184636749
50%,0.990650002599,0.992800000429,0.0299664777741,0.021531151633
75%,0.992133336514,0.993300001204,0.0415566901545,0.023817186583
max,0.993516668737,0.993700001717,0.188296231383,0.0591297949503
