,index,acc,loss,val_acc,val_loss
count,117.0,117.0,117.0,117.0,117.0
mean,58.0,0.994392735043,0.0189328406896,0.993227350427,0.0320379000387
std,33.9190212123,0.0063892436792,0.0205262353551,0.00131271132497,0.00644681378082
min,0.0,0.935283333333,0.0098677732471,0.984,0.0215547395455
25%,29.0,0.99465,0.0121954252022,0.993,0.0270145903624
50%,58.0,0.996016666667,0.0139162900563,0.9934,0.0309027751274
75%,87.0,0.996633333333,0.0171186308986,0.9939,0.0378579308572
max,116.0,0.99725,0.209273321827,0.9945,0.0466476770969
