,acc,val_acc,loss,val_loss
count,78.0,78.0,78.0,78.0
mean,0.95761388329,0.976489736855,0.139703327529,0.0807306250967
std,0.0805920972266,0.0258422957353,0.234570199494,0.099486206223
min,0.312583336361,0.778500001073,0.0520617065397,0.047638042593
25%,0.963891660988,0.978999991775,0.0640495029769,0.0527569323499
50%,0.975533328474,0.983049994171,0.085149490098,0.0570423344621
75%,0.981224993065,0.984974993587,0.12526229042,0.069982711576
max,0.984616658568,0.986199995995,1.97301852155,0.877291985631
