,acc,val_acc,loss,val_loss
count,83.0,83.0,83.0,83.0
mean,0.990425306404,0.993018075722,0.0309510650973,0.0217178734095
std,0.00682908533639,0.00177029280093,0.0232188892849,0.00537045256069
min,0.941183337008,0.983200005293,0.0159227063303,0.0187363842376
25%,0.989925005615,0.993000003576,0.0199013105956,0.019320609756
50%,0.992250004888,0.993600003004,0.0246047646488,0.0197169564963
75%,0.993683337748,0.994000003099,0.0325060353185,0.0215936158303
max,0.994800003688,0.994400003195,0.196888399695,0.055683507369
