,acc,val_acc,loss,val_loss
count,84.0,84.0,84.0,84.0
mean,0.978728368398,0.989291664033,0.0684294653983,0.0315169716602
std,0.0344164532332,0.00747324885639,0.105284205569,0.0255068248702
min,0.689733334432,0.941899998784,0.0258697096931,0.0183512101406
25%,0.980174992343,0.989074998915,0.0336524986067,0.0206086837047
50%,0.986824995021,0.991799997151,0.0429310626357,0.0229392642459
75%,0.989408329308,0.992724997461,0.0653875108662,0.030347711938
max,0.991633332511,0.994199997425,0.93852099363,0.200034022484
