,acc,val_acc,loss,val_loss
count,78.0,78.0,78.0,78.0
mean,0.981140820406,0.99047949256,0.060150711141,0.0291981828975
std,0.0300321931386,0.00617143286046,0.0916890207942,0.020602816097
min,0.737583333968,0.95090000689,0.0231787535682,0.0188408044157
25%,0.982254177158,0.990650005043,0.0288761743463,0.020681784827
50%,0.988200009465,0.99250000596,0.0382448369083,0.0219517180705
75%,0.990683341473,0.993200004697,0.0582604199219,0.0277769708396
max,0.99240000695,0.994100004435,0.792691603427,0.162065912737
