,acc,val_acc,loss,val_loss
0,0.904250003302,0.980900004387,0.311614161951,0.0662583290817
1,0.976700007041,0.986600003719,0.0913858816597,0.0437813454656
2,0.983116673112,0.989200004101,0.0682955143858,0.0379248644683
3,0.986300006708,0.989600003719,0.0537042527117,0.0356818684292
4,0.98803333958,0.991700002432,0.0468045436731,0.0316360217048
5,0.989600005786,0.991100002289,0.0410750648498,0.0321275905223
6,0.99090000542,0.992100001812,0.0347088551334,0.0309403270576
7,0.991800005078,0.992600003242,0.0323821634835,0.0285881196037
8,0.992350004713,0.992600002766,0.0292612770891,0.0288130401314
9,0.993016671062,0.993000001907,0.0273231422185,0.0298216374364
10,0.993766671022,0.992000002623,0.0238588171323,0.0293826479656
11,0.9940166713,0.991800003529,0.0231208773489,0.0280046415998
12,0.994333337386,0.992200002432,0.0221964584318,0.028018603475
13,0.995166670362,0.992000001907,0.0190037116126,0.0299099435451
14,0.995583336711,0.992500002384,0.0185639822285,0.0287456205985
15,0.995916669846,0.992400002718,0.0152865189156,0.0281879545996
16,0.995916669925,0.992300002813,0.0152049394023,0.0290555774628
17,0.996150003115,0.992600002766,0.0145675126292,0.0284036613685
18,0.996700002631,0.992500001431,0.013356959706,0.0297319148584
19,0.997033335805,0.992100002766,0.0120367251469,0.0309601831167
20,0.996850002766,0.992400002718,0.0123823364983,0.0307749743396
21,0.997183335622,0.992600002527,0.0106811463804,0.0303448933475
22,0.997316668868,0.992800002813,0.0110795383125,0.0307970998068
23,0.997250002305,0.992800002337,0.0102208088402,0.0317554191684
24,0.99781666851,0.992200002193,0.00895938982526,0.0302044272834
25,0.997550002019,0.992600003004,0.00864708664065,0.0307602950891
