,acc,val_acc,loss,val_loss
count,26.0,26.0,26.0,26.0
mean,0.989792952692,0.991430771974,0.0375277563926,0.0323311923664
std,0.0181598364777,0.00255793136968,0.059354111559,0.00772670309685
min,0.904250003302,0.980900004387,0.00864708664065,0.0280046415998
25%,0.991125005335,0.991850003123,0.0126259923003,0.0288736744643
50%,0.994750003874,0.992250002623,0.0206000850222,0.0302746603154
75%,0.996812502732,0.992600002706,0.0341271822209,0.0314670620578
max,0.99781666851,0.993000001907,0.311614161951,0.0662583290817
