,acc,val_acc,loss,val_loss
count,87.0,87.0,87.0,87.0
mean,0.985760158817,0.991710348475,0.0453911592916,0.0251235305461
std,0.022468902572,0.00480334250957,0.0704164760227,0.0158604087298
min,0.797116667877,0.96060000515,0.015234119596,0.0181164338254
25%,0.986600007216,0.991650004148,0.0200364734141,0.0190453301303
50%,0.991016673406,0.993200004101,0.027796931616,0.0201049617142
75%,0.993375005364,0.993800003529,0.0442693528201,0.0230815691461
max,0.995133337577,0.994500003338,0.627205730846,0.132306299221
