,acc,val_acc,loss,val_loss
count,95.0,95.0,95.0,95.0
mean,0.982785620023,0.990502109189,0.0551056321884,0.0286055964417
std,0.0267641357157,0.00612945489676,0.0832279519481,0.0205533166152
min,0.747450000323,0.950799999475,0.0198996006394,0.0181755596308
25%,0.983350006878,0.990700005651,0.0256453012718,0.019876057945
50%,0.989083340406,0.992400005102,0.034128242847,0.0221831844434
75%,0.99165000689,0.993400004148,0.0544399608271,0.0269352883207
max,0.993516672254,0.994500003099,0.775811091691,0.170592193857
