,index,acc,loss,val_acc,val_loss
count,137.0,137.0,137.0,137.0,137.0
mean,68.0,0.992377372263,0.0243686112407,0.993110948905,0.0203564019775
std,39.692568574,0.00626756738196,0.0210101275266,0.00143709668675,0.00425698775002
min,0.0,0.935983333333,0.0115254800063,0.983,0.0180544245444
25%,34.0,0.991816666667,0.0148007569961,0.9931,0.0187815773833
50%,68.0,0.994216666667,0.0182149992583,0.9936,0.019096588816
75%,102.0,0.995283333333,0.0264596308906,0.9938,0.0196478871469
max,136.0,0.9962,0.211451003345,0.9944,0.0533606891816
