,acc,val_acc,loss,val_loss
count,47.0,47.0,47.0,47.0
mean,0.975009225513,0.984972344804,0.0832152884398,0.0541883057023
std,0.043179939016,0.0069290416808,0.13101631242,0.0208572072425
min,0.700350000282,0.949500003338,0.0268109447726,0.0415429836399
25%,0.97729167215,0.984350002766,0.0347843226716,0.0453806546842
50%,0.985916674217,0.987200005054,0.0484401867531,0.0478581816838
75%,0.989566673835,0.988400005817,0.0789928259359,0.053177855619
max,0.992150006056,0.990200004578,0.901243806461,0.167052285977
