,acc,val_acc,loss,val_loss
count,80.0,80.0,80.0,80.0
mean,0.989353330982,0.992248748246,0.034679033849,0.0226340718584
std,0.00698098997978,0.00205500320552,0.0238060507282,0.00584236560185
min,0.941266660109,0.9813999964,0.0193830314666,0.0192315360875
25%,0.988849997431,0.992049998105,0.0224605408906,0.019844764932
50%,0.991583331366,0.992999998331,0.0276778865861,0.0207189899504
75%,0.992820831622,0.993424998552,0.0371715025615,0.0223992993768
max,0.994133331954,0.993999998689,0.19700677368,0.0588847553787
