,acc,val_acc,loss,val_loss
count,88.0,88.0,88.0,88.0
mean,0.983869513679,0.990767049323,0.0514761159856,0.0274435401693
std,0.0259423894756,0.0054890226068,0.0807874565538,0.0176232133439
min,0.762183334045,0.957399999619,0.0181511464175,0.0188040151157
25%,0.984895841926,0.991075004399,0.0232330627936,0.0202014000484
50%,0.9899833408,0.992600004196,0.0309655527807,0.0214208679182
75%,0.992325006157,0.993200004339,0.0503518654525,0.025275822911
max,0.994016671896,0.994500003815,0.731008467555,0.141459474819
