,acc,val_acc,loss,val_loss
count,50.0,50.0,50.0,50.0
mean,0.982111005861,0.99060000351,0.0571324298407,0.0283313039385
std,0.0254366881614,0.00526428115946,0.0787927622433,0.0158849962882
min,0.818500000877,0.965400001049,0.0215169182063,0.0187180311457
25%,0.983191674531,0.989900003433,0.0260817044415,0.0203099675193
50%,0.988441673358,0.992450003624,0.036161603579,0.0226443354764
75%,0.991500006656,0.993575003386,0.0555439186535,0.0288235030036
max,0.993100005547,0.994500001907,0.557576734881,0.10558689991
