,acc,val_acc,loss,val_loss
count,119.0,119.0,119.0,119.0
mean,0.977964137599,0.988667219921,0.0707732646719,0.0341549837535
std,0.0391621081092,0.00860469019577,0.118056970795,0.0319229067912
min,0.586716667049,0.921099993587,0.0268428360433,0.0201222109177
25%,0.979158326447,0.988799994409,0.0335301271887,0.0218534404539
50%,0.986216658115,0.99099999249,0.0446642832188,0.0250467466672
75%,0.989324990153,0.992299991608,0.0678804590097,0.0321544922381
max,0.991516655147,0.993499993682,1.22764454788,0.299372433022
