,acc,val_acc,loss,val_loss
count,55.0,55.0,55.0,55.0
mean,0.987591521104,0.992161821786,0.040749876144,0.0226352490467
std,0.00815889954183,0.00207064908269,0.0272062398253,0.00645026602109
min,0.937216670712,0.983000004292,0.0243023667297,0.0179077135191
25%,0.987400006374,0.991800003767,0.0273308806897,0.0191797841922
50%,0.989833339334,0.992700002909,0.0332097505487,0.0202074030081
75%,0.99138333863,0.993450003505,0.0424053244485,0.0235669022697
max,0.992733338118,0.994000003338,0.205897250989,0.055171564093
