,acc,val_acc,loss,val_loss
count,78.0,78.0,78.0,78.0
mean,0.989334621807,0.992369235635,0.0346038740545,0.0233239687832
std,0.00834671660677,0.00216088691434,0.0280105734614,0.00635350628162
min,0.92846666421,0.98070000124,0.0179181468046,0.0190950980302
25%,0.988650007576,0.992025005102,0.0217772567132,0.0202131184997
50%,0.991608340383,0.99300000596,0.0266555858975,0.0212067132043
75%,0.993016672909,0.993600004673,0.0369223865079,0.0233644223192
max,0.994500005007,0.994100004911,0.237134894453,0.0592602700258
