,index,acc,loss,val_acc,val_loss
count,127.0,127.0,127.0,127.0,127.0
mean,63.0,0.997435170604,0.00936964137416,0.991949606299,0.0445662742669
std,36.8057966449,0.00995750366878,0.0324667485377,0.00138437276014,0.00719354452874
min,0.0,0.892483333333,0.000478108810844,0.981,0.0284584020385
25%,31.5,0.998608333333,0.00094731517603,0.99185,0.0398776949474
50%,63.0,0.9995,0.001950471182,0.9923,0.0459706426654
75%,94.5,0.999766666667,0.00538048127913,0.9926,0.0508150618974
max,126.0,0.999916666667,0.342307935839,0.9932,0.0643170965456
