,index,acc,loss,val_acc,val_loss
count,263.0,263.0,263.0,263.0,263.0
mean,88.680608365,0.445939771863,2.03821694472,0.427511787072,2.23068788501
std,63.1524621649,0.0782748761909,0.409050028031,0.0414496490957,0.218390600993
min,0.0,0.05164,1.68191865158,0.1411,2.12708854556
25%,32.5,0.42825,1.77554586244,0.4319,2.14761597514
50%,78.0,0.47324,1.89346291351,0.4413,2.15883063674
75%,143.5,0.4987,2.13303641093,0.4453,2.1934257853
max,209.0,0.51768,4.28284960747,0.4511,3.85411424875
